pax_id,origin,destination,treq,tdep,ttrav,tarr,tdrop,shareable,schedule_id,dist,origin_x,origin_y,destination_x,destination_y
0,1679761158,2612573901,2023-09-19 09:00:04,,0 days 00:04:22,2023-09-19 09:04:26,,False,,2623,4.345319,51.9946395,4.3651607,52.0096535
1,44824666,44764023,2023-09-19 09:00:09,,0 days 00:05:54,2023-09-19 09:06:03,,False,,3545,4.3765065,52.0060307,4.3596834,51.9923397
2,4053473202,1385072823,2023-09-19 09:00:11,,0 days 00:04:01,2023-09-19 09:04:12,,False,,2416,4.356863,52.0035673,4.3644397,51.9882584
3,44862225,44759522,2023-09-19 09:00:18,,0 days 00:06:38,2023-09-19 09:06:56,,False,,3983,4.3686495,52.014463,4.3603635,51.9913873
4,1679761151,44839603,2023-09-19 09:00:26,,0 days 00:03:32,2023-09-19 09:03:58,,False,,2125,4.3431116,51.9941687,4.3464906,52.0090658
5,2381851915,44841824,2023-09-19 09:00:30,,0 days 00:06:26,2023-09-19 09:06:56,,False,,3866,4.3285923,52.010084,4.3712324,52.0095623
6,260123525,503608243,2023-09-19 09:00:31,,0 days 00:04:24,2023-09-19 09:04:55,,False,,2645,4.3530275,52.0006737,4.3817543,52.0061463
7,3377087989,44858428,2023-09-19 09:00:32,,0 days 00:04:22,2023-09-19 09:04:54,,False,,2624,4.3530767,52.0094521,4.3661269,52.0133694
8,1679761094,1565881923,2023-09-19 09:01:09,,0 days 00:05:43,2023-09-19 09:06:52,,False,,3437,4.345899,51.9906525,4.3570331,51.9823691
9,1833104248,2175715314,2023-09-19 09:01:18,,0 days 00:04:46,2023-09-19 09:06:04,,False,,2860,4.3411872,51.9928222,4.356104,52.0091468
10,4246176888,1668136773,2023-09-19 09:01:19,,0 days 00:06:46,2023-09-19 09:08:05,,False,,4065,4.3517338,52.0135242,4.3478908,51.9872523
11,1552650415,44734726,2023-09-19 09:01:28,,0 days 00:06:10,2023-09-19 09:07:38,,False,,3703,4.3379508,51.9994285,4.3641424,51.9859244
12,1830058806,618763989,2023-09-19 09:01:28,,0 days 00:05:09,2023-09-19 09:06:37,,False,,3096,4.341082,51.9834591,4.3550532,52.0013032
13,643586468,1569975209,2023-09-19 09:01:29,,0 days 00:03:27,2023-09-19 09:04:56,,False,,2077,4.3442356,52.0000377,4.3614355,51.9927661
14,1448391085,3377240325,2023-09-19 09:01:29,,0 days 00:05:49,2023-09-19 09:07:18,,False,,3490,4.3268283,52.0119179,4.3507402,52.0001748
15,643586567,1608998178,2023-09-19 09:01:31,,0 days 00:03:29,2023-09-19 09:05:00,,False,,2092,4.3437738,51.9997805,4.3362833,51.9859153
16,44856491,44819251,2023-09-19 09:01:32,,0 days 00:04:39,2023-09-19 09:06:11,,False,,2795,4.3658149,52.0129776,4.3481819,52.0054461
17,1512025447,44839179,2023-09-19 09:01:35,,0 days 00:06:58,2023-09-19 09:08:33,,False,,4188,4.3705445,51.9792168,4.351852,52.0088935
18,526397638,1436427129,2023-09-19 09:01:44,,0 days 00:10:32,2023-09-19 09:12:16,,False,,6322,4.357849,52.0268054,4.332432,52.0103374
19,2162658839,44852423,2023-09-19 09:01:46,,0 days 00:03:42,2023-09-19 09:05:28,,False,,2220,4.3507521,51.9975991,4.343048,52.0120505
20,4589342569,44783329,2023-09-19 09:01:56,,0 days 00:03:24,2023-09-19 09:05:20,,False,,2044,4.3559812,52.0059087,4.3421259,51.9965676
21,44861481,3581094279,2023-09-19 09:01:58,,0 days 00:04:19,2023-09-19 09:06:17,,False,,2599,4.3320578,52.0142495,4.3551531,52.0043527
22,1552650711,1436427208,2023-09-19 09:02:02,,0 days 00:06:34,2023-09-19 09:08:36,,False,,3949,4.3410681,52.0002309,4.3739406,52.0155653
23,3420136000,44753928,2023-09-19 09:02:11,,0 days 00:03:42,2023-09-19 09:05:53,,False,,2225,4.3552272,52.0032264,4.3443631,51.9900047
24,44882710,4053473202,2023-09-19 09:02:15,,0 days 00:04:26,2023-09-19 09:06:41,,False,,2667,4.36397,52.0197103,4.356863,52.0035673
25,1838103222,874115743,2023-09-19 09:02:22,,0 days 00:05:17,2023-09-19 09:07:39,,False,,3176,4.3651194,52.0138773,4.3442667,52.0013763
26,610983540,2635624112,2023-09-19 09:02:34,,0 days 00:05:12,2023-09-19 09:07:46,,False,,3120,4.3726508,52.0109376,4.3393514,52.0139518
27,1570984994,3510592637,2023-09-19 09:02:42,,0 days 00:04:13,2023-09-19 09:06:55,,False,,2532,4.3580643,51.9980073,4.3501535,52.014411
28,1391531760,5124502152,2023-09-19 09:02:45,,0 days 00:05:38,2023-09-19 09:08:23,,False,,3384,4.3622868,52.0124708,4.3444121,52.0046382
29,44727438,582518307,2023-09-19 09:03:04,,0 days 00:06:27,2023-09-19 09:09:31,,False,,3874,4.3632052,51.9844371,4.3766737,52.0026864
30,1519889905,4407956433,2023-09-19 09:03:09,,0 days 00:08:01,2023-09-19 09:11:10,,False,,4819,4.3462152,51.9826697,4.3726139,52.0061193
31,44841079,2323108138,2023-09-19 09:03:18,,0 days 00:03:22,2023-09-19 09:06:40,,False,,2026,4.3715478,52.0094149,4.3519781,52.0164762
32,1413911135,44834050,2023-09-19 09:03:26,,0 days 00:04:47,2023-09-19 09:08:13,,False,,2876,4.36476,52.016642,4.3523913,52.007957
33,2623902896,565046997,2023-09-19 09:03:31,,0 days 00:06:33,2023-09-19 09:10:04,,False,,3938,4.3771633,52.0114335,4.3372837,52.0014462
34,253143148,3377240345,2023-09-19 09:03:51,,0 days 00:05:13,2023-09-19 09:09:04,,False,,3139,4.3526104,51.9854122,4.3541882,52.0010144
35,1433962992,1435362424,2023-09-19 09:03:54,,0 days 00:08:31,2023-09-19 09:12:25,,False,,5114,4.3733593,51.9915604,4.3387264,52.0085081
36,3709850020,4228809539,2023-09-19 09:04:13,,0 days 00:03:53,2023-09-19 09:08:06,,False,,2332,4.3562114,51.9859646,4.3540308,52.0022546
37,44819704,44718825,2023-09-19 09:04:20,,0 days 00:06:20,2023-09-19 09:10:40,,False,,3805,4.3485084,52.0058057,4.3568489,51.9827991
38,1570983034,44831875,2023-09-19 09:04:44,,0 days 00:06:11,2023-09-19 09:10:55,,False,,3716,4.3668974,51.9821535,4.3532998,52.0073995
39,44851133,44813594,2023-09-19 09:04:48,,0 days 00:04:20,2023-09-19 09:09:08,,False,,2605,4.3474167,52.0118586,4.3671581,52.0036833
40,1530303715,1569975267,2023-09-19 09:04:52,,0 days 00:06:48,2023-09-19 09:11:40,,False,,4080,4.3580433,52.0142252,4.3602687,51.99352
41,3534010196,4407940597,2023-09-19 09:04:55,,0 days 00:03:47,2023-09-19 09:08:42,,False,,2274,4.3549626,52.0045232,4.3723567,52.0065598
42,44750628,3377240340,2023-09-19 09:05:06,,0 days 00:03:39,2023-09-19 09:08:45,,False,,2195,4.3494938,51.9893477,4.3539435,52.0009278
43,44845283,630748802,2023-09-19 09:05:06,,0 days 00:07:16,2023-09-19 09:12:22,,False,,4360,4.3866317,52.0104541,4.3446842,52.0133938
44,44861495,839335219,2023-09-19 09:05:06,,0 days 00:04:37,2023-09-19 09:09:43,,False,,2776,4.3521584,52.0142212,4.3550001,51.9962279
45,484689684,44767578,2023-09-19 09:05:14,,0 days 00:04:38,2023-09-19 09:09:52,,False,,2780,4.3523962,52.0118114,4.3531113,51.993002
46,44839614,44787298,2023-09-19 09:05:17,,0 days 00:05:31,2023-09-19 09:10:48,,False,,3318,4.3772091,52.0090564,4.3454018,51.9974707
47,1435362529,44796534,2023-09-19 09:05:24,,0 days 00:04:37,2023-09-19 09:10:01,,False,,2777,4.3334449,52.0140959,4.3554016,51.9995658
48,1568976634,1530303735,2023-09-19 09:05:38,,0 days 00:07:15,2023-09-19 09:12:53,,False,,4355,4.3372336,51.9932068,4.3563616,52.0156164
49,44909275,44831010,2023-09-19 09:05:44,,0 days 00:04:24,2023-09-19 09:10:08,,False,,2648,4.356223,52.0255551,4.3753401,52.0071703
50,582004873,1569975179,2023-09-19 09:05:47,,0 days 00:05:20,2023-09-19 09:11:07,,False,,3202,4.3634766,52.0053145,4.3606441,51.9923746
51,44813588,44818951,2023-09-19 09:05:50,,0 days 00:04:53,2023-09-19 09:10:43,,False,,2938,4.3488902,52.003614,4.37886,52.0049641
52,4554554060,1402734605,2023-09-19 09:05:57,,0 days 00:04:17,2023-09-19 09:10:14,,False,,2579,4.3596948,52.0004968,4.3617845,51.9880177
53,4810005054,44804961,2023-09-19 09:05:59,,0 days 00:05:30,2023-09-19 09:11:29,,False,,3308,4.3683955,51.9814414,4.3497,52.0015
54,1563023404,44846109,2023-09-19 09:06:00,,0 days 00:05:35,2023-09-19 09:11:35,,False,,3359,4.3576265,51.9865602,4.3498275,52.0105759
55,1402598826,44846557,2023-09-19 09:06:14,,0 days 00:06:03,2023-09-19 09:12:17,,False,,3639,4.3786895,52.0119276,4.342,52.0107
56,44854736,44875434,2023-09-19 09:06:22,,0 days 00:03:24,2023-09-19 09:09:46,,False,,2048,4.3479227,52.0125323,4.3612903,52.0177204
57,44817969,44831875,2023-09-19 09:06:23,,0 days 00:04:11,2023-09-19 09:10:34,,False,,2516,4.3753426,52.0047897,4.3532998,52.0073995
58,4498838079,643586567,2023-09-19 09:06:48,,0 days 00:03:41,2023-09-19 09:10:29,,False,,2218,4.3366953,52.0133298,4.3437738,51.9997805
59,44774830,1569647777,2023-09-19 09:06:49,,0 days 00:04:51,2023-09-19 09:11:40,,False,,2910,4.3586364,51.9946577,4.3629216,52.0042089
60,1679761037,1508490990,2023-09-19 09:06:57,,0 days 00:05:08,2023-09-19 09:12:05,,False,,3089,4.3501937,51.9873559,4.3489442,52.0075898
61,643587012,4438942332,2023-09-19 09:07:15,,0 days 00:04:50,2023-09-19 09:12:05,,False,,2908,4.3469587,51.9833275,4.3561004,52.0029869
62,1435362415,44869798,2023-09-19 09:07:25,,0 days 00:03:35,2023-09-19 09:11:00,,False,,2159,4.340246,52.0080868,4.3454298,52.0163665
63,5327428579,1508490990,2023-09-19 09:07:39,,0 days 00:05:59,2023-09-19 09:13:38,,False,,3595,4.3809962,51.9993783,4.3489442,52.0075898
64,564923555,3151169335,2023-09-19 09:07:54,,0 days 00:04:16,2023-09-19 09:12:10,,False,,2564,4.342504,52.0065441,4.3618783,52.0010243
65,44732933,4261100545,2023-09-19 09:07:54,,0 days 00:05:12,2023-09-19 09:13:06,,False,,3120,4.3648548,51.9853376,4.3552244,52.0057177
66,44862225,4300758655,2023-09-19 09:07:58,,0 days 00:04:04,2023-09-19 09:12:02,,False,,2441,4.3686495,52.014463,4.3530635,52.0020464
67,7399789770,1460714944,2023-09-19 09:08:14,,0 days 00:03:38,2023-09-19 09:11:52,,False,,2182,4.3489474,52.0059179,4.327621,52.009128
68,4555788280,44863340,2023-09-19 09:08:39,,0 days 00:03:29,2023-09-19 09:12:08,,False,,2093,4.3569979,52.0031103,4.343489,52.014808
69,44858614,1570983109,2023-09-19 09:08:40,,0 days 00:08:22,2023-09-19 09:17:02,,False,,5022,4.3642165,52.0134708,4.3645335,51.9823474
70,527378782,1448535813,2023-09-19 09:08:45,,0 days 00:08:09,2023-09-19 09:16:54,,False,,4894,4.3526303,52.0219204,4.3465155,51.9845565
71,44852049,44774810,2023-09-19 09:08:53,,0 days 00:04:36,2023-09-19 09:13:29,,False,,2767,4.3361471,52.0119174,4.3441291,51.9945825
72,44816479,1668136732,2023-09-19 09:08:54,,0 days 00:08:13,2023-09-19 09:17:07,,False,,4937,4.3829554,52.0043229,4.3578967,51.9812414
73,44859966,44795675,2023-09-19 09:08:55,,0 days 00:04:04,2023-09-19 09:12:59,,False,,2446,4.3536803,52.0138214,4.3511577,51.9993607
74,44877771,1391531638,2023-09-19 09:09:13,,0 days 00:05:28,2023-09-19 09:14:41,,False,,3280,4.3605175,52.0183782,4.3609929,52.0045684
75,44735527,1448535757,2023-09-19 09:09:23,,0 days 00:04:10,2023-09-19 09:13:33,,False,,2503,4.3597096,51.9861712,4.3382206,51.9813339
76,44891423,4124549374,2023-09-19 09:09:25,,0 days 00:05:56,2023-09-19 09:15:21,,False,,3565,4.3574182,52.0217325,4.3518371,51.998128
77,44835830,44847929,2023-09-19 09:09:37,,0 days 00:04:58,2023-09-19 09:14:35,,False,,2984,4.3785077,52.0081887,4.3492019,52.0110877
78,4239889943,1569975372,2023-09-19 09:09:52,,0 days 00:03:52,2023-09-19 09:13:44,,False,,2320,4.3629575,52.0072319,4.3601601,51.9955724
79,3669218076,1421472390,2023-09-19 09:09:52,,0 days 00:06:38,2023-09-19 09:16:30,,False,,3982,4.358866,52.0210628,4.3543073,51.9944339
80,2558916191,44842009,2023-09-19 09:10:04,,0 days 00:04:57,2023-09-19 09:15:01,,False,,2971,4.3738496,52.0126223,4.3509994,52.0095997
81,44788956,1584551233,2023-09-19 09:10:06,,0 days 00:05:45,2023-09-19 09:15:51,,False,,3451,4.368153,52.0023756,4.3410202,51.9964396
82,2323108159,1552650472,2023-09-19 09:10:12,,0 days 00:04:19,2023-09-19 09:14:31,,False,,2595,4.3518544,52.0166429,4.3388662,51.9995519
83,7101349295,4617340491,2023-09-19 09:10:19,,0 days 00:05:24,2023-09-19 09:15:43,,False,,3244,4.3614717,51.9842805,4.3567108,52.0037506
84,44712548,44850689,2023-09-19 09:10:45,,0 days 00:08:36,2023-09-19 09:19:21,,False,,5163,4.3562512,51.9814698,4.3404589,52.0116607
85,44793238,3581094284,2023-09-19 09:11:03,,0 days 00:05:59,2023-09-19 09:17:02,,False,,3591,4.3787078,51.9988431,4.3558363,52.0048838
86,1518087737,3669180587,2023-09-19 09:11:15,,0 days 00:09:56,2023-09-19 09:21:11,,False,,5960,4.339559,51.9805722,4.3621482,52.0189561
87,5507717333,5279883912,2023-09-19 09:11:20,,0 days 00:04:32,2023-09-19 09:15:52,,False,,2727,4.3376263,52.0131505,4.3330824,51.997275
88,912615771,1569975197,2023-09-19 09:11:23,,0 days 00:05:16,2023-09-19 09:16:39,,False,,3162,4.3716872,52.0069122,4.3597006,51.9927743
89,1460714944,5159209866,2023-09-19 09:11:33,,0 days 00:04:10,2023-09-19 09:15:43,,False,,2502,4.327621,52.009128,4.3552771,52.0098985
90,44725570,7229895328,2023-09-19 09:11:38,,0 days 00:08:57,2023-09-19 09:20:35,,False,,5377,4.3667296,51.9841874,4.333114,52.0086663
91,44714412,1448535775,2023-09-19 09:11:41,,0 days 00:05:28,2023-09-19 09:17:09,,False,,3280,4.3603,51.9818,4.3469349,51.9821035
92,44772593,44899983,2023-09-19 09:12:01,,0 days 00:06:50,2023-09-19 09:18:51,,False,,4109,4.3585777,51.9941927,4.3553952,52.0234552
93,44844082,44792321,2023-09-19 09:12:01,,0 days 00:03:33,2023-09-19 09:15:34,,False,,2138,4.3630546,52.0101572,4.3577426,51.9986954
94,1433963031,4300758655,2023-09-19 09:12:03,,0 days 00:03:52,2023-09-19 09:15:55,,False,,2326,4.3687023,51.9990906,4.3530635,52.0020464
95,1584637090,44842366,2023-09-19 09:12:05,,0 days 00:06:29,2023-09-19 09:18:34,,False,,3892,4.3525536,51.9840944,4.347924,52.0097153
96,1608998294,3151169335,2023-09-19 09:12:14,,0 days 00:05:43,2023-09-19 09:17:57,,False,,3432,4.34131,51.9884006,4.3618783,52.0010243
97,1608998282,626091907,2023-09-19 09:12:20,,0 days 00:03:32,2023-09-19 09:15:52,,False,,2122,4.336735,51.9882908,4.3549621,51.9972814
98,44840845,44791815,2023-09-19 09:12:41,,0 days 00:04:04,2023-09-19 09:16:45,,False,,2448,4.3625657,52.0093135,4.3789264,51.9985341
99,1510592095,4554554060,2023-09-19 09:12:55,,0 days 00:05:02,2023-09-19 09:17:57,,False,,3028,4.3444247,51.9874112,4.3596948,52.0004968
100,44779743,44835248,2023-09-19 09:13:21,,0 days 00:05:48,2023-09-19 09:19:09,,False,,3488,4.34237,51.9957755,4.3321263,52.0081237
101,1519890012,7229895328,2023-09-19 09:13:28,,0 days 00:08:28,2023-09-19 09:21:56,,False,,5084,4.3447617,51.9834098,4.333114,52.0086663
102,44852429,1569646643,2023-09-19 09:13:37,,0 days 00:04:33,2023-09-19 09:18:10,,False,,2736,4.3709297,52.0120223,4.3614027,52.0016495
103,1679761035,44808047,2023-09-19 09:13:41,,0 days 00:07:29,2023-09-19 09:21:10,,False,,4492,4.3497004,51.9871901,4.3777537,52.0021361
104,1448535775,1391417164,2023-09-19 09:13:51,,0 days 00:04:25,2023-09-19 09:18:16,,False,,2653,4.3469349,51.9821035,4.3432843,52.0036225
105,44852767,8463975472,2023-09-19 09:13:59,,0 days 00:07:01,2023-09-19 09:21:00,,False,,4216,4.3422067,52.0120227,4.3370691,51.9835275
106,44872846,44718825,2023-09-19 09:13:59,,0 days 00:09:09,2023-09-19 09:23:08,,False,,5491,4.355897,52.0170278,4.3568489,51.9827991
107,1934292060,1474883280,2023-09-19 09:14:06,,0 days 00:03:53,2023-09-19 09:17:59,,False,,2339,4.3716101,52.007302,4.3521305,51.9978318
108,44872123,4244384221,2023-09-19 09:14:16,,0 days 00:03:58,2023-09-19 09:18:14,,False,,2385,4.3452365,52.0168154,4.3612149,52.0059971
109,664248902,1413910874,2023-09-19 09:14:16,,0 days 00:09:30,2023-09-19 09:23:46,,False,,5704,4.357743,52.026742,4.3426,52.001628
110,1584502763,2670677180,2023-09-19 09:14:21,,0 days 00:05:45,2023-09-19 09:20:06,,False,,3450,4.3451494,51.9979894,4.3292079,52.0070116
111,60247463,44870886,2023-09-19 09:14:29,,0 days 00:08:02,2023-09-19 09:22:31,,False,,4829,4.3493076,51.9805501,4.351938,52.0165333
112,626010019,271397035,2023-09-19 09:14:31,,0 days 00:04:31,2023-09-19 09:19:02,,False,,2717,4.3553114,51.9971569,4.3605963,51.981054
113,1530303715,1435362475,2023-09-19 09:14:33,,0 days 00:03:34,2023-09-19 09:18:07,,False,,2148,4.3580433,52.0142252,4.3350003,52.0114915
114,44884858,44774830,2023-09-19 09:14:38,,0 days 00:06:35,2023-09-19 09:21:13,,False,,3957,4.349788,52.0204055,4.3586364,51.9946577
115,1608998296,5300707250,2023-09-19 09:14:47,,0 days 00:05:49,2023-09-19 09:20:36,,False,,3496,4.3346097,51.988404,4.3550447,52.0098894
116,4941026103,7098466876,2023-09-19 09:14:49,,0 days 00:04:16,2023-09-19 09:19:05,,False,,2563,4.3476513,51.9818123,4.36895,51.9887842
117,44816475,44831869,2023-09-19 09:15:05,,0 days 00:04:54,2023-09-19 09:19:59,,False,,2942,4.3756315,52.0043654,4.3498652,52.0074046
118,44856491,1552650472,2023-09-19 09:15:13,,0 days 00:05:45,2023-09-19 09:20:58,,False,,3453,4.3658149,52.0129776,4.3388662,51.9995519
119,3581094279,1830058797,2023-09-19 09:15:14,,0 days 00:05:30,2023-09-19 09:20:44,,False,,3309,4.3551531,52.0043527,4.3455769,51.9818586
120,2587864260,970525520,2023-09-19 09:15:31,,0 days 00:06:25,2023-09-19 09:21:56,,False,,3858,4.3680172,52.00636,4.3286884,52.0100011
121,5008459643,44812602,2023-09-19 09:15:38,,0 days 00:05:14,2023-09-19 09:20:52,,False,,3142,4.3815591,51.9965716,4.3586569,52.0032662
122,1571090443,1512025431,2023-09-19 09:15:51,,0 days 00:04:55,2023-09-19 09:20:46,,False,,2956,4.3502845,51.9964547,4.3694643,51.9789958
123,44836395,5300707250,2023-09-19 09:15:52,,0 days 00:03:43,2023-09-19 09:19:35,,False,,2232,4.3736925,52.008298,4.3550447,52.0098894
124,44827071,1576632851,2023-09-19 09:15:59,,0 days 00:05:06,2023-09-19 09:21:05,,False,,3066,4.3780588,52.0064227,4.3494523,51.9977565
125,44786382,44763561,2023-09-19 09:16:00,,0 days 00:04:44,2023-09-19 09:20:44,,False,,2844,4.385298,51.9971489,4.3544811,51.9922428
126,44836371,1570983291,2023-09-19 09:16:16,,0 days 00:07:50,2023-09-19 09:24:06,,False,,4705,4.3382987,52.0083142,4.3674907,51.9829427
127,4617340527,44793238,2023-09-19 09:16:20,,0 days 00:05:02,2023-09-19 09:21:22,,False,,3029,4.3587033,52.0047484,4.3787078,51.9988431
128,1584637090,44858066,2023-09-19 09:16:21,,0 days 00:07:24,2023-09-19 09:23:45,,False,,4445,4.3525536,51.9840944,4.3511523,52.0133652
129,44864084,44776713,2023-09-19 09:16:22,,0 days 00:06:32,2023-09-19 09:22:54,,False,,3920,4.371351,52.0149074,4.3601852,51.99503
130,44821045,1584550971,2023-09-19 09:16:28,,0 days 00:06:04,2023-09-19 09:22:32,,False,,3641,4.3743674,52.0052663,4.3379124,51.9960664
131,1570983285,5171908143,2023-09-19 09:16:39,,0 days 00:08:41,2023-09-19 09:25:20,,False,,5213,4.3631877,51.9829352,4.3526266,52.0186115
132,1575265438,1402734964,2023-09-19 09:16:52,,0 days 00:06:59,2023-09-19 09:23:51,,False,,4193,4.3567218,52.0171396,4.367809,51.9914765
133,44905729,44769389,2023-09-19 09:17:02,,0 days 00:07:22,2023-09-19 09:24:24,,False,,4425,4.3571748,52.0248633,4.3424393,51.9934
134,44820494,6884767739,2023-09-19 09:17:13,,0 days 00:04:17,2023-09-19 09:21:30,,False,,2575,4.3689009,52.0052285,4.3415692,52.0027327
135,1519890012,44800496,2023-09-19 09:17:23,,0 days 00:06:04,2023-09-19 09:23:27,,False,,3644,4.3447617,51.9834098,4.3623076,52.0004201
136,44866131,5119873482,2023-09-19 09:17:35,,0 days 00:04:45,2023-09-19 09:22:20,,False,,2852,4.3347201,52.0154742,4.356696,52.0051936
137,44852056,1519890024,2023-09-19 09:17:46,,0 days 00:06:31,2023-09-19 09:24:17,,False,,3919,4.3493491,52.0119654,4.3448502,51.9834329
138,1474883281,1667696847,2023-09-19 09:17:53,,0 days 00:04:26,2023-09-19 09:22:19,,False,,2667,4.3518702,51.9987744,4.3615557,51.9849587
139,1448535730,44827614,2023-09-19 09:17:58,,0 days 00:06:17,2023-09-19 09:24:15,,False,,3770,4.342351,51.9791787,4.3508762,52.0065783
140,44873227,1583992770,2023-09-19 09:18:02,,0 days 00:07:53,2023-09-19 09:25:55,,False,,4735,4.3562111,52.017161,4.360584,51.9850049
141,4810005054,1269112834,2023-09-19 09:18:06,,0 days 00:04:25,2023-09-19 09:22:31,,False,,2651,4.3683955,51.9814414,4.3500691,51.9964222
142,44812871,44847928,2023-09-19 09:18:22,,0 days 00:05:12,2023-09-19 09:23:34,,False,,3124,4.3632696,52.0033584,4.3436388,52.0110106
143,44844070,44782008,2023-09-19 09:18:26,,0 days 00:03:57,2023-09-19 09:22:23,,False,,2373,4.3545139,52.0101122,4.3576293,51.9961738
144,44768467,1576745685,2023-09-19 09:18:33,,0 days 00:03:42,2023-09-19 09:22:15,,False,,2227,4.3370946,51.9932143,4.3493096,52.0055868
145,630748798,1552650601,2023-09-19 09:18:41,,0 days 00:04:07,2023-09-19 09:22:48,,False,,2471,4.3394588,52.0134776,4.336899,51.9999067
146,1563023404,1620840079,2023-09-19 09:18:58,,0 days 00:03:50,2023-09-19 09:22:48,,False,,2309,4.3576265,51.9865602,4.35525,52.0006638
147,750069942,44804961,2023-09-19 09:18:59,,0 days 00:06:08,2023-09-19 09:25:07,,False,,3684,4.3815264,51.9977026,4.3497,52.0015
148,874115743,1667696847,2023-09-19 09:19:08,,0 days 00:05:56,2023-09-19 09:25:04,,False,,3569,4.3442667,52.0013763,4.3615557,51.9849587
149,44902836,44786364,2023-09-19 09:19:14,,0 days 00:06:31,2023-09-19 09:25:45,,False,,3917,4.3568626,52.0240986,4.3584282,51.9972431
150,1433963021,1510591475,2023-09-19 09:19:19,,0 days 00:05:42,2023-09-19 09:25:01,,False,,3424,4.3809041,51.9964125,4.3479627,51.9836634
151,44813852,7098468098,2023-09-19 09:19:26,,0 days 00:07:23,2023-09-19 09:26:49,,False,,4437,4.3418337,52.0037175,4.3715968,51.9838426
152,3452720263,390922808,2023-09-19 09:19:27,,0 days 00:05:00,2023-09-19 09:24:27,,False,,3002,4.3442942,52.0024378,4.3547157,52.0242746
153,44888946,44796534,2023-09-19 09:19:30,,0 days 00:05:43,2023-09-19 09:25:13,,False,,3435,4.3586275,52.021168,4.3554016,51.9995658
154,366654673,8367860558,2023-09-19 09:19:31,,0 days 00:06:57,2023-09-19 09:26:28,,False,,4171,4.3342047,52.0097435,4.3761491,52.0093187
155,1448535854,5119873482,2023-09-19 09:19:41,,0 days 00:05:45,2023-09-19 09:25:26,,False,,3458,4.3509701,51.9862421,4.356696,52.0051936
156,4810005054,44798266,2023-09-19 09:19:42,,0 days 00:04:36,2023-09-19 09:24:18,,False,,2766,4.3683955,51.9814414,4.3570589,51.9999399
157,1435362475,44755694,2023-09-19 09:19:46,,0 days 00:06:09,2023-09-19 09:25:55,,False,,3691,4.3350003,52.0114915,4.3565888,51.9904374
158,2572707863,44893325,2023-09-19 09:19:47,,0 days 00:05:39,2023-09-19 09:25:26,,False,,3392,4.3669026,52.0020167,4.3523648,52.0222389
159,1833104301,44837766,2023-09-19 09:19:55,,0 days 00:04:27,2023-09-19 09:24:22,,False,,2674,4.3375044,51.994375,4.3513845,52.0087004
160,1831506883,549099496,2023-09-19 09:20:08,,0 days 00:09:15,2023-09-19 09:29:23,,False,,5553,4.3612198,51.9819552,4.3609659,52.0147742
161,44861085,1530303598,2023-09-19 09:20:23,,0 days 00:04:39,2023-09-19 09:25:02,,False,,2797,4.3413581,52.0141005,4.3659412,52.0102199
162,4438942332,1402771664,2023-09-19 09:20:31,,0 days 00:03:43,2023-09-19 09:24:14,,False,,2234,4.3561004,52.0029869,4.3522324,51.9872303
163,1679761048,4438942332,2023-09-19 09:20:51,,0 days 00:03:51,2023-09-19 09:24:42,,False,,2310,4.3463555,51.9883321,4.3561004,52.0029869
164,44777318,44823036,2023-09-19 09:20:54,,0 days 00:03:28,2023-09-19 09:24:22,,False,,2089,4.3818973,51.9951887,4.3649244,52.0057672
165,44864977,44832711,2023-09-19 09:20:55,,0 days 00:03:24,2023-09-19 09:24:19,,False,,2046,4.3355,52.0151,4.3519503,52.0075841
166,5119873484,44734726,2023-09-19 09:21:00,,0 days 00:05:33,2023-09-19 09:26:33,,False,,3334,4.3563443,52.0049608,4.3641424,51.9859244
167,2321923795,1433962914,2023-09-19 09:21:06,,0 days 00:05:10,2023-09-19 09:26:16,,False,,3108,4.3520093,52.0031914,4.3710999,51.9847749
168,4228809539,2673589215,2023-09-19 09:21:16,,0 days 00:05:38,2023-09-19 09:26:54,,False,,3388,4.3540308,52.0022546,4.3275971,52.0081297
169,1513191904,1436427174,2023-09-19 09:21:18,,0 days 00:04:36,2023-09-19 09:25:54,,False,,2764,4.3434744,52.0137413,4.368024,52.0108508
170,1410536956,1435362424,2023-09-19 09:21:25,,0 days 00:07:13,2023-09-19 09:28:38,,False,,4331,4.3815955,52.006521,4.3387264,52.0085081
171,44868297,1584550971,2023-09-19 09:21:29,,0 days 00:06:48,2023-09-19 09:28:17,,False,,4089,4.3596631,52.0159836,4.3379124,51.9960664
172,44754398,1566353714,2023-09-19 09:21:32,,0 days 00:03:52,2023-09-19 09:25:24,,False,,2325,4.3533724,51.9901432,4.3422008,51.980989
173,2381861256,1366634977,2023-09-19 09:21:40,,0 days 00:05:54,2023-09-19 09:27:34,,False,,3548,4.3661929,51.9851207,4.3433612,52.0078465
174,4474353182,2321923795,2023-09-19 09:21:40,,0 days 00:04:10,2023-09-19 09:25:50,,False,,2503,4.3437769,51.9856583,4.3520093,52.0031914
175,248191377,2296738292,2023-09-19 09:21:46,,0 days 00:05:13,2023-09-19 09:26:59,,False,,3137,4.363996,51.9849768,4.3468613,51.9972069
176,1668136765,44869226,2023-09-19 09:21:52,,0 days 00:09:13,2023-09-19 09:31:05,,False,,5535,4.3404324,51.9860777,4.3556373,52.0162535
177,44838375,1569651911,2023-09-19 09:22:03,,0 days 00:03:40,2023-09-19 09:25:43,,False,,2205,4.3390626,52.0087958,4.3521619,52.0194457
178,484705817,1402734736,2023-09-19 09:22:10,,0 days 00:05:10,2023-09-19 09:27:20,,False,,3100,4.3522825,52.0099772,4.3600239,51.9888433
179,44847038,44863340,2023-09-19 09:22:22,,0 days 00:05:05,2023-09-19 09:27:27,,False,,3052,4.3751283,52.0107629,4.343489,52.014808
180,44753493,1410536895,2023-09-19 09:22:27,,0 days 00:07:11,2023-09-19 09:29:38,,False,,4315,4.3457764,51.9899867,4.3815297,52.0064254
181,1436427122,1576740176,2023-09-19 09:22:29,,0 days 00:03:49,2023-09-19 09:26:18,,False,,2290,4.368854,52.0102706,4.3478513,52.0065637
182,3377240325,1569647034,2023-09-19 09:22:33,,0 days 00:04:20,2023-09-19 09:26:53,,False,,2603,4.3507402,52.0001748,4.3639861,52.0020851
183,44759018,285743579,2023-09-19 09:22:41,,0 days 00:08:05,2023-09-19 09:30:46,,False,,4853,4.3478,51.9912,4.3625085,52.0174846
184,2381861250,44844068,2023-09-19 09:22:45,,0 days 00:06:11,2023-09-19 09:28:56,,False,,3714,4.3658375,51.9849408,4.3504058,52.0101064
185,5124546092,1448535905,2023-09-19 09:22:53,,0 days 00:03:33,2023-09-19 09:26:26,,False,,2134,4.3554671,52.0098467,4.3503546,51.9963077
186,311106487,5264539946,2023-09-19 09:22:56,,0 days 00:04:08,2023-09-19 09:27:04,,False,,2483,4.3649888,52.0110222,4.3401509,51.9986693
187,44858614,44823646,2023-09-19 09:22:59,,0 days 00:03:42,2023-09-19 09:26:41,,False,,2228,4.3642165,52.0134708,4.3538427,52.00584
188,1679761155,4986579661,2023-09-19 09:23:06,,0 days 00:06:05,2023-09-19 09:29:11,,False,,3654,4.3441412,51.9942998,4.3281863,52.008284
189,44739609,1510592029,2023-09-19 09:23:11,,0 days 00:03:37,2023-09-19 09:26:48,,False,,2179,4.3558016,51.9870386,4.3454104,51.9865254
190,44738227,1608998311,2023-09-19 09:23:12,,0 days 00:04:18,2023-09-19 09:27:30,,False,,2587,4.3587863,51.9867239,4.3355986,51.9885652
191,44779745,44840453,2023-09-19 09:23:17,,0 days 00:03:24,2023-09-19 09:26:41,,False,,2040,4.3438205,51.9957112,4.348473,52.0092525
192,2560427063,4159110096,2023-09-19 09:23:19,,0 days 00:03:38,2023-09-19 09:26:57,,False,,2187,4.3733238,52.0052339,4.353593,52.0020442
193,1569647777,8463975470,2023-09-19 09:23:30,,0 days 00:08:01,2023-09-19 09:31:31,,False,,4811,4.3629216,52.0042089,4.3368195,51.9834136
194,1668136731,2296738292,2023-09-19 09:23:32,,0 days 00:06:20,2023-09-19 09:29:52,,False,,3800,4.3572571,51.9811329,4.3468613,51.9972069
195,44817944,44848456,2023-09-19 09:23:43,,0 days 00:04:37,2023-09-19 09:28:20,,False,,2772,4.3513408,52.004756,4.3635207,52.0111177
196,44804961,44763124,2023-09-19 09:23:58,,0 days 00:03:24,2023-09-19 09:27:22,,False,,2042,4.3497,52.0015,4.3429596,51.9922095
197,44850245,44830592,2023-09-19 09:23:58,,0 days 00:07:04,2023-09-19 09:31:02,,False,,4248,4.3317075,52.0115115,4.3766168,52.0070784
198,44814384,44830592,2023-09-19 09:24:09,,0 days 00:04:02,2023-09-19 09:28:11,,False,,2423,4.3543402,52.0040068,4.3766168,52.0070784
199,2673589215,44835261,2023-09-19 09:24:11,,0 days 00:03:34,2023-09-19 09:27:45,,False,,2147,4.3275971,52.0081297,4.3466,52.0081
200,1569647770,643586567,2023-09-19 09:24:15,,0 days 00:04:24,2023-09-19 09:28:39,,False,,2643,4.3622497,52.0041913,4.3437738,51.9997805
201,44774832,565046993,2023-09-19 09:24:15,,0 days 00:03:39,2023-09-19 09:27:54,,False,,2196,4.360397,51.9946118,4.3410593,52.0026501
202,44811247,1854067403,2023-09-19 09:24:24,,0 days 00:03:41,2023-09-19 09:28:05,,False,,2218,4.3497223,52.0028507,4.3639396,52.0063929
203,1410536856,44897956,2023-09-19 09:24:55,,0 days 00:05:10,2023-09-19 09:30:05,,False,,3107,4.381445,52.0063933,4.3521583,52.0230972
204,1830058778,839335227,2023-09-19 09:24:56,,0 days 00:04:40,2023-09-19 09:29:36,,False,,2808,4.344723,51.9791984,4.3551339,51.9968239
205,1432078704,44844080,2023-09-19 09:25:18,,0 days 00:08:33,2023-09-19 09:33:51,,False,,5136,4.3670652,52.0269787,4.3618,52.0101
206,1583992741,5119873484,2023-09-19 09:25:18,,0 days 00:06:07,2023-09-19 09:31:25,,False,,3679,4.3596158,51.9812003,4.3563443,52.0049608
207,44875431,2328071529,2023-09-19 09:25:31,,0 days 00:03:26,2023-09-19 09:28:57,,False,,2066,4.3558335,52.0177055,4.3627735,52.0076875
208,2673589221,626009950,2023-09-19 09:25:33,,0 days 00:06:12,2023-09-19 09:31:45,,False,,3726,4.3292057,52.0067977,4.3545942,51.997106
209,1448391082,1436435623,2023-09-19 09:25:36,,0 days 00:03:59,2023-09-19 09:29:35,,False,,2396,4.3293518,52.0121782,4.3510572,52.0073539
210,1390232505,626091907,2023-09-19 09:25:54,,0 days 00:03:39,2023-09-19 09:29:33,,False,,2193,4.3427276,52.013675,4.3549621,51.9972814
211,44837765,1402734577,2023-09-19 09:25:55,,0 days 00:04:42,2023-09-19 09:30:37,,False,,2823,4.3512627,52.0086421,4.3609454,51.9878658
212,44844082,44861083,2023-09-19 09:25:57,,0 days 00:06:12,2023-09-19 09:32:09,,False,,3720,4.3630546,52.0101572,4.3316191,52.0140637
213,44811668,44834656,2023-09-19 09:25:59,,0 days 00:04:23,2023-09-19 09:30:22,,False,,2639,4.3642853,52.0021758,4.3499083,52.0080248
214,44910798,44810830,2023-09-19 09:26:02,,0 days 00:05:26,2023-09-19 09:31:28,,False,,3262,4.3559,52.0258499,4.3587936,52.0027376
215,44838367,5279893016,2023-09-19 09:26:05,,0 days 00:04:30,2023-09-19 09:30:35,,False,,2704,4.3386031,52.0087329,4.3402389,51.9986122
216,1530303664,1435362499,2023-09-19 09:26:16,,0 days 00:04:35,2023-09-19 09:30:51,,False,,2757,4.363129,52.0123966,4.3384224,52.0125123
217,1576632851,1530303700,2023-09-19 09:26:26,,0 days 00:05:31,2023-09-19 09:31:57,,False,,3312,4.3494523,51.9977565,4.3594076,52.0133166
218,1435362502,1552651408,2023-09-19 09:26:51,,0 days 00:04:05,2023-09-19 09:30:56,,False,,2454,4.3372053,52.0128005,4.3392121,52.0014745
219,1774593290,5119770538,2023-09-19 09:26:53,,0 days 00:07:07,2023-09-19 09:34:00,,False,,4276,4.3375851,51.9807082,4.3542762,52.0106311
220,1563023404,1957359051,2023-09-19 09:27:09,,0 days 00:06:15,2023-09-19 09:33:24,,False,,3754,4.3576265,51.9865602,4.371652,52.0026521
221,1608998194,44814382,2023-09-19 09:27:17,,0 days 00:04:41,2023-09-19 09:31:58,,False,,2813,4.3410124,51.9867026,4.349587,52.003913
222,44837714,5124502148,2023-09-19 09:27:20,,0 days 00:05:25,2023-09-19 09:32:45,,False,,3254,4.371606,52.0086592,4.3432693,52.0055719
223,1402644594,1530303664,2023-09-19 09:27:21,,0 days 00:03:22,2023-09-19 09:30:43,,False,,2026,4.3741016,52.010824,4.363129,52.0123966
224,44763122,1435362497,2023-09-19 09:27:24,,0 days 00:05:27,2023-09-19 09:32:51,,False,,3278,4.341,51.9921,4.3358403,52.0124519
225,582000012,1433962853,2023-09-19 09:27:24,,0 days 00:08:43,2023-09-19 09:36:07,,False,,5235,4.3606443,52.0163873,4.3727725,51.9818701
226,44814387,44795688,2023-09-19 09:27:29,,0 days 00:04:57,2023-09-19 09:32:26,,False,,2974,4.3617733,52.0038708,4.3766518,51.999313
227,1512025447,1569646491,2023-09-19 09:27:36,,0 days 00:05:07,2023-09-19 09:32:43,,False,,3071,4.3705445,51.9792168,4.3547291,52.0012286
228,1402667974,44779743,2023-09-19 09:27:39,,0 days 00:06:01,2023-09-19 09:33:40,,False,,3613,4.3821194,51.9948701,4.34237,51.9957755
229,1510592095,44831422,2023-09-19 09:27:48,,0 days 00:05:11,2023-09-19 09:32:59,,False,,3119,4.3444247,51.9874112,4.3545402,52.0073719
230,1448535743,3377240340,2023-09-19 09:28:23,,0 days 00:05:22,2023-09-19 09:33:45,,False,,3226,4.3388419,51.9798388,4.3539435,52.0009278
231,1608998178,44875062,2023-09-19 09:28:28,,0 days 00:09:07,2023-09-19 09:37:35,,False,,5473,4.3362833,51.9859153,4.3662669,52.0176814
232,1608998292,5750227868,2023-09-19 09:28:37,,0 days 00:06:29,2023-09-19 09:35:06,,False,,3898,4.3361518,51.9883498,4.3673488,52.006114
233,1608998282,3377240345,2023-09-19 09:28:47,,0 days 00:04:06,2023-09-19 09:32:53,,False,,2469,4.336735,51.9882908,4.3541882,52.0010144
234,1530303685,1668136724,2023-09-19 09:28:58,,0 days 00:09:51,2023-09-19 09:38:49,,False,,5913,4.360834,52.0128522,4.3513335,51.9794641
235,5264539952,44854736,2023-09-19 09:29:01,,0 days 00:03:42,2023-09-19 09:32:43,,False,,2225,4.3405306,51.997689,4.3479227,52.0125323
236,4846026465,44772101,2023-09-19 09:29:22,,0 days 00:04:46,2023-09-19 09:34:08,,False,,2860,4.3509416,52.0154585,4.3520649,51.9940494
237,4261101335,44844496,2023-09-19 09:29:48,,0 days 00:03:53,2023-09-19 09:33:41,,False,,2331,4.355615,52.0078685,4.3375774,52.0101947
238,44740937,4017942937,2023-09-19 09:29:50,,0 days 00:07:11,2023-09-19 09:37:01,,False,,4314,4.3628847,51.9873248,4.3564326,52.0170201
239,5327428574,44763561,2023-09-19 09:30:09,,0 days 00:04:52,2023-09-19 09:35:01,,False,,2922,4.3817088,51.9995676,4.3544811,51.9922428
240,44842366,44865758,2023-09-19 09:30:13,,0 days 00:04:39,2023-09-19 09:34:52,,False,,2799,4.347924,52.0097153,4.3650403,52.0153602
241,1518087739,1421472390,2023-09-19 09:30:14,,0 days 00:04:25,2023-09-19 09:34:39,,False,,2656,4.340442,51.9807103,4.3543073,51.9944339
242,8367860556,1571088513,2023-09-19 09:30:30,,0 days 00:06:26,2023-09-19 09:36:56,,False,,3860,4.3764267,52.0092878,4.3486618,51.9949395
243,7003131561,1530303716,2023-09-19 09:30:36,,0 days 00:04:34,2023-09-19 09:35:10,,False,,2748,4.3435926,52.0045925,4.3573841,52.0144589
244,1679761050,44860334,2023-09-19 09:30:38,,0 days 00:06:53,2023-09-19 09:37:31,,False,,4131,4.3492945,51.9884087,4.3525939,52.0139121
245,1501364225,559635307,2023-09-19 09:30:44,,0 days 00:10:03,2023-09-19 09:40:47,,False,,6032,4.362211,52.0275607,4.342461,52.0017803
246,44715429,44759018,2023-09-19 09:30:46,,0 days 00:06:16,2023-09-19 09:37:02,,False,,3764,4.3614593,51.9819981,4.3478,51.9912
247,44768467,1569646643,2023-09-19 09:30:49,,0 days 00:04:42,2023-09-19 09:35:31,,False,,2826,4.3370946,51.9932143,4.3614027,52.0016495
248,44840025,1413911096,2023-09-19 09:30:50,,0 days 00:04:15,2023-09-19 09:35:05,,False,,2556,4.3719752,52.0090731,4.3481034,52.0144122
249,44729070,3995048391,2023-09-19 09:31:01,,0 days 00:07:43,2023-09-19 09:38:44,,False,,4634,4.3631394,51.9847958,4.3450254,52.0154906
250,44718819,44814383,2023-09-19 09:31:03,,0 days 00:05:18,2023-09-19 09:36:21,,False,,3181,4.3394558,51.9827359,4.3522139,52.0039774
251,1576632846,1448535764,2023-09-19 09:31:10,,0 days 00:04:15,2023-09-19 09:35:25,,False,,2556,4.3497449,51.9983537,4.338174,51.9814431
252,626091907,1608998316,2023-09-19 09:31:15,,0 days 00:03:22,2023-09-19 09:34:37,,False,,2028,4.3549621,51.9972814,4.3355198,51.9887491
253,1413911113,44841565,2023-09-19 09:31:22,,0 days 00:04:01,2023-09-19 09:35:23,,False,,2416,4.3665183,52.014952,4.3491702,52.0095679
254,1371031431,7003131563,2023-09-19 09:31:48,,0 days 00:03:54,2023-09-19 09:35:42,,False,,2346,4.3549388,52.017624,4.3426935,52.0053058
255,1510592095,44814387,2023-09-19 09:31:51,,0 days 00:05:22,2023-09-19 09:37:13,,False,,3223,4.3444247,51.9874112,4.3617733,52.0038708
256,7098470106,5171908140,2023-09-19 09:32:07,,0 days 00:07:22,2023-09-19 09:39:29,,False,,4427,4.369788,51.9872178,4.3525968,52.0180092
257,4244384215,5124502146,2023-09-19 09:32:14,,0 days 00:03:34,2023-09-19 09:35:48,,False,,2144,4.3606172,52.0057698,4.3441569,52.0048548
258,1448535876,1620840079,2023-09-19 09:32:14,,0 days 00:03:51,2023-09-19 09:36:05,,False,,2315,4.3446884,51.9877641,4.35525,52.0006638
259,3452839332,44812870,2023-09-19 09:32:19,,0 days 00:03:28,2023-09-19 09:35:47,,False,,2086,4.3452369,51.996415,4.3620432,52.0033037
260,4249122117,1608998234,2023-09-19 09:32:20,,0 days 00:07:17,2023-09-19 09:39:37,,False,,4377,4.3799325,51.9890633,4.3442203,51.9873786
261,260125197,44713428,2023-09-19 09:32:20,,0 days 00:08:10,2023-09-19 09:40:30,,False,,4902,4.3661059,52.0025738,4.3400387,51.9817347
262,44869235,44861085,2023-09-19 09:32:31,,0 days 00:04:22,2023-09-19 09:36:53,,False,,2620,4.3709641,52.0161739,4.3413581,52.0141005
263,1519889961,1448535927,2023-09-19 09:32:32,,0 days 00:07:50,2023-09-19 09:40:22,,False,,4708,4.3411036,51.982942,4.3514414,52.0179644
264,1413910876,629532196,2023-09-19 09:32:40,,0 days 00:04:32,2023-09-19 09:37:12,,False,,2729,4.3426754,52.0016524,4.3716616,52.0073842
265,1402613311,1435362499,2023-09-19 09:32:45,,0 days 00:10:28,2023-09-19 09:43:13,,False,,6283,4.3624286,52.02756,4.3384224,52.0125123
266,44859966,44834678,2023-09-19 09:32:54,,0 days 00:04:42,2023-09-19 09:37:36,,False,,2825,4.3536803,52.0138214,4.3729984,52.0080428
267,1391417267,44763124,2023-09-19 09:32:54,,0 days 00:04:45,2023-09-19 09:37:39,,False,,2858,4.3570339,52.010082,4.3429596,51.9922095
268,244183903,385474972,2023-09-19 09:33:03,,0 days 00:03:54,2023-09-19 09:36:57,,False,,2345,4.3671461,52.0014787,4.3599227,52.0018693
269,44801590,44873232,2023-09-19 09:33:16,,0 days 00:03:55,2023-09-19 09:37:11,,False,,2357,4.3649966,52.0007895,4.3649004,52.0171404
270,44872126,4159110115,2023-09-19 09:33:19,,0 days 00:03:31,2023-09-19 09:36:50,,False,,2116,4.3466103,52.0168247,4.3554528,52.002779
271,5617652442,44862215,2023-09-19 09:33:29,,0 days 00:06:42,2023-09-19 09:40:11,,False,,4020,4.3817117,52.0016895,4.345082,52.014441
272,2177111543,44735538,2023-09-19 09:33:35,,0 days 00:07:51,2023-09-19 09:41:26,,False,,4712,4.3723265,51.9990201,4.3654169,51.9861337
273,4798458420,5172033909,2023-09-19 09:33:41,,0 days 00:07:16,2023-09-19 09:40:57,,False,,4367,4.3294595,52.0069047,4.3683283,52.0069599
274,44822080,643586567,2023-09-19 09:33:46,,0 days 00:04:22,2023-09-19 09:38:08,,False,,2621,4.3615194,52.0055203,4.3437738,51.9997805
275,5750227861,44873992,2023-09-19 09:33:50,,0 days 00:03:46,2023-09-19 09:37:36,,False,,2260,4.3672255,52.0061554,4.3565356,52.0172936
276,44841581,44848876,2023-09-19 09:33:52,,0 days 00:05:07,2023-09-19 09:38:59,,False,,3079,4.3695588,52.0095727,4.3445325,52.0112493
277,6960779679,2599554574,2023-09-19 09:34:18,,0 days 00:10:00,2023-09-19 09:44:18,,False,,6001,4.3569346,51.9803148,4.3559854,52.0170664
278,44814387,44851133,2023-09-19 09:34:26,,0 days 00:04:02,2023-09-19 09:38:28,,False,,2429,4.3617733,52.0038708,4.3474167,52.0118586
279,3669167311,44819251,2023-09-19 09:34:30,,0 days 00:05:16,2023-09-19 09:39:46,,False,,3166,4.3646858,52.01671,4.3481819,52.0054461
280,630748806,1571090443,2023-09-19 09:34:30,,0 days 00:04:03,2023-09-19 09:38:33,,False,,2435,4.3481316,52.014368,4.3502845,51.9964547
281,1402734511,44814679,2023-09-19 09:34:31,,0 days 00:06:19,2023-09-19 09:40:50,,False,,3795,4.3662669,51.986333,4.3794705,52.0040267
282,1608998291,44842366,2023-09-19 09:34:41,,0 days 00:05:24,2023-09-19 09:40:05,,False,,3242,4.3407864,51.9883097,4.347924,52.0097153
283,44786382,44865755,2023-09-19 09:34:44,,0 days 00:06:35,2023-09-19 09:41:19,,False,,3958,4.385298,51.9971489,4.3533119,52.0153637
284,1570983366,568743900,2023-09-19 09:34:46,,0 days 00:07:21,2023-09-19 09:42:07,,False,,4414,4.3650207,51.9833412,4.339538,52.0053979
285,44863714,1391417359,2023-09-19 09:34:47,,0 days 00:03:41,2023-09-19 09:38:28,,False,,2214,4.333342,52.0147919,4.3565417,52.0130334
286,1435362510,44814944,2023-09-19 09:34:48,,0 days 00:07:36,2023-09-19 09:42:24,,False,,4565,4.333561,52.0128152,4.3798817,52.0041352
287,1530303653,44827059,2023-09-19 09:34:51,,0 days 00:03:30,2023-09-19 09:38:21,,False,,2107,4.3646569,52.0117988,4.3515676,52.0064806
288,626009978,1608998226,2023-09-19 09:35:00,,0 days 00:03:34,2023-09-19 09:38:34,,False,,2144,4.3547365,51.9968492,4.3386818,51.9872519
289,1402771602,44796944,2023-09-19 09:35:04,,0 days 00:05:01,2023-09-19 09:40:05,,False,,3019,4.3350754,51.984856,4.3496479,51.99956
290,2106976223,44774832,2023-09-19 09:35:07,,0 days 00:05:21,2023-09-19 09:40:28,,False,,3216,4.3664876,52.0022156,4.360397,51.9946118
291,44744586,2599554574,2023-09-19 09:35:08,,0 days 00:07:23,2023-09-19 09:42:31,,False,,4439,4.3493935,51.9881983,4.3559854,52.0170664
292,44738225,1436427106,2023-09-19 09:35:14,,0 days 00:07:52,2023-09-19 09:43:06,,False,,4728,4.3536923,51.9867165,4.3338836,52.0095838
293,3995043892,1569646643,2023-09-19 09:35:19,,0 days 00:04:05,2023-09-19 09:39:24,,False,,2451,4.3464341,52.0150589,4.3614027,52.0016495
294,1679761090,5235337217,2023-09-19 09:35:31,,0 days 00:04:28,2023-09-19 09:39:59,,False,,2684,4.3434656,51.9904185,4.3596729,52.0006802
295,1402734822,4486831034,2023-09-19 09:35:34,,0 days 00:05:30,2023-09-19 09:41:04,,False,,3302,4.3589194,51.9893131,4.3741968,52.0061882
296,5124546103,44774810,2023-09-19 09:35:45,,0 days 00:04:18,2023-09-19 09:40:03,,False,,2588,4.3557804,52.0095063,4.3441291,51.9945825
297,1435362533,44830130,2023-09-19 09:35:46,,0 days 00:03:48,2023-09-19 09:39:34,,False,,2280,4.3344134,52.0145469,4.353749,52.0070038
298,44777528,1371031395,2023-09-19 09:35:50,,0 days 00:05:30,2023-09-19 09:41:20,,False,,3300,4.3458931,51.9952259,4.3532944,52.0174774
299,44791815,44839603,2023-09-19 09:35:52,,0 days 00:06:40,2023-09-19 09:42:32,,False,,4001,4.3789264,51.9985341,4.3464906,52.0090658
300,44739609,1433962992,2023-09-19 09:36:00,,0 days 00:07:02,2023-09-19 09:43:02,,False,,4226,4.3558016,51.9870386,4.3733593,51.9915604
301,44783329,1391417256,2023-09-19 09:36:08,,0 days 00:04:06,2023-09-19 09:40:14,,False,,2460,4.3421259,51.9965676,4.3571324,52.0099448
302,44882305,44847929,2023-09-19 09:36:30,,0 days 00:03:41,2023-09-19 09:40:11,,False,,2219,4.3593,52.0195,4.3492019,52.0110877
303,44820005,44848468,2023-09-19 09:36:32,,0 days 00:05:43,2023-09-19 09:42:15,,False,,3435,4.3455543,52.0050827,4.3703591,52.0111269
304,4502921354,1402771630,2023-09-19 09:36:39,,0 days 00:08:18,2023-09-19 09:44:57,,False,,4988,4.3728841,51.9982076,4.3441946,51.9858951
305,1435362510,44715429,2023-09-19 09:36:40,,0 days 00:09:07,2023-09-19 09:45:47,,False,,5470,4.333561,52.0128152,4.3614593,51.9819981
306,1410536974,44825826,2023-09-19 09:36:42,,0 days 00:05:16,2023-09-19 09:41:58,,False,,3164,4.3811635,52.0065637,4.3460409,52.0062922
307,5172677175,3581094493,2023-09-19 09:36:51,,0 days 00:05:56,2023-09-19 09:42:47,,False,,3564,4.3457826,51.9815622,4.3556705,52.0053338
308,44804961,1519889798,2023-09-19 09:37:09,,0 days 00:06:06,2023-09-19 09:43:15,,False,,3661,4.3497,52.0015,4.3631085,51.9806385
309,1448535874,1015968758,2023-09-19 09:37:17,,0 days 00:05:12,2023-09-19 09:42:29,,False,,3128,4.3444485,51.9877294,4.3433494,52.0057141
310,3995048391,626009950,2023-09-19 09:37:18,,0 days 00:04:09,2023-09-19 09:41:27,,False,,2493,4.3450254,52.0154906,4.3545942,51.997106
311,44794038,565046992,2023-09-19 09:37:31,,0 days 00:05:49,2023-09-19 09:43:20,,False,,3495,4.3662103,51.9989851,4.3411413,52.0025639
312,1435362354,1830058806,2023-09-19 09:37:31,,0 days 00:07:26,2023-09-19 09:44:57,,False,,4464,4.3389648,52.0068958,4.341082,51.9834591
313,44862215,1563023373,2023-09-19 09:37:32,,0 days 00:07:13,2023-09-19 09:44:45,,False,,4333,4.345082,52.014441,4.3417401,51.9823646
314,44715984,44818486,2023-09-19 09:37:51,,0 days 00:06:10,2023-09-19 09:44:01,,False,,3702,4.3583359,51.9821965,4.3501366,52.004836
315,44732927,44804961,2023-09-19 09:37:52,,0 days 00:04:48,2023-09-19 09:42:40,,False,,2889,4.3613547,51.9856032,4.3497,52.0015
316,44705690,44860334,2023-09-19 09:37:59,,0 days 00:08:07,2023-09-19 09:46:06,,False,,4875,4.3420479,51.9799508,4.3525939,52.0139121
317,1515808670,4349049083,2023-09-19 09:38:00,,0 days 00:03:39,2023-09-19 09:41:39,,False,,2190,4.3637103,51.9867891,4.3524508,52.0027909
318,44840841,1402734947,2023-09-19 09:38:06,,0 days 00:04:45,2023-09-19 09:42:51,,False,,2852,4.3528278,52.0093432,4.3678612,51.9909916
319,1435362534,3452839333,2023-09-19 09:38:16,,0 days 00:04:36,2023-09-19 09:42:52,,False,,2766,4.3328622,52.0145587,4.3447043,51.9964707
320,1679761090,1391531780,2023-09-19 09:38:20,,0 days 00:06:36,2023-09-19 09:44:56,,False,,3960,4.3434656,51.9904185,4.3623604,52.0126325
321,44739609,44832713,2023-09-19 09:38:32,,0 days 00:05:01,2023-09-19 09:43:33,,False,,3013,4.3558016,51.9870386,4.3525809,52.0075627
322,1435362503,44777528,2023-09-19 09:38:37,,0 days 00:04:45,2023-09-19 09:43:22,,False,,2856,4.3356314,52.012808,4.3458931,51.9952259
323,44791366,643586572,2023-09-19 09:38:39,,0 days 00:06:38,2023-09-19 09:45:17,,False,,3988,4.3772305,51.9984579,4.3450106,51.9965326
324,2323108138,1433962926,2023-09-19 09:38:54,,0 days 00:07:41,2023-09-19 09:46:35,,False,,4613,4.3519781,52.0164762,4.370106,51.9866257
325,44720716,2173265542,2023-09-19 09:38:56,,0 days 00:08:01,2023-09-19 09:46:57,,False,,4816,4.3571,51.9831,4.3691818,52.005382
326,44790947,2323108182,2023-09-19 09:39:08,,0 days 00:04:19,2023-09-19 09:43:27,,False,,2590,4.3585288,51.9983956,4.3520018,52.0167672
327,1402734779,44812602,2023-09-19 09:39:14,,0 days 00:03:55,2023-09-19 09:43:09,,False,,2359,4.3609541,51.9890571,4.3586569,52.0032662
328,1571087552,44891906,2023-09-19 09:39:25,,0 days 00:07:13,2023-09-19 09:46:38,,False,,4334,4.3625487,51.9881378,4.3526277,52.0218382
329,44814387,44891906,2023-09-19 09:39:33,,0 days 00:05:15,2023-09-19 09:44:48,,False,,3150,4.3617733,52.0038708,4.3526277,52.0218382
330,44866496,44774822,2023-09-19 09:39:41,,0 days 00:05:07,2023-09-19 09:44:48,,False,,3077,4.3425834,52.0156057,4.3462637,51.994676
331,479575357,3377240348,2023-09-19 09:39:47,,0 days 00:04:19,2023-09-19 09:44:06,,False,,2598,4.3628655,52.0139244,4.3544478,52.0011534
332,1679761088,44839603,2023-09-19 09:39:49,,0 days 00:04:49,2023-09-19 09:44:38,,False,,2897,4.3496657,51.99026,4.3464906,52.0090658
333,1448535917,44855162,2023-09-19 09:39:56,,0 days 00:05:04,2023-09-19 09:45:00,,False,,3049,4.3547776,51.9994741,4.3799019,52.0121506
334,3669180600,44823290,2023-09-19 09:40:02,,0 days 00:04:51,2023-09-19 09:44:53,,False,,2915,4.3617736,52.0191899,4.3478537,52.0057236
335,44827063,265090298,2023-09-19 09:40:03,,0 days 00:04:23,2023-09-19 09:44:26,,False,,2634,4.3553708,52.0065312,4.3436991,52.0074519
336,44825826,4486831034,2023-09-19 09:40:03,,0 days 00:04:39,2023-09-19 09:44:42,,False,,2791,4.3460409,52.0062922,4.3741968,52.0061882
337,44820007,1566353972,2023-09-19 09:40:05,,0 days 00:06:09,2023-09-19 09:46:14,,False,,3698,4.3459453,52.0050847,4.347096,51.9829662
338,2296738292,44835823,2023-09-19 09:40:06,,0 days 00:05:24,2023-09-19 09:45:30,,False,,3246,4.3468613,51.9972069,4.3746998,52.0082349
339,4968645019,5171875765,2023-09-19 09:40:09,,0 days 00:05:39,2023-09-19 09:45:48,,False,,3397,4.3398996,51.9963935,4.3733667,52.0059639
340,1519890000,44796944,2023-09-19 09:40:18,,0 days 00:04:50,2023-09-19 09:45:08,,False,,2907,4.3438492,51.9832437,4.3496479,51.99956
341,2162745213,44826459,2023-09-19 09:40:18,,0 days 00:04:00,2023-09-19 09:44:18,,False,,2406,4.3632475,52.0047395,4.3503437,52.0063479
342,5509265887,1576740176,2023-09-19 09:40:19,,0 days 00:03:21,2023-09-19 09:43:40,,False,,2015,4.3566218,52.0158202,4.3478513,52.0065637
343,2381861262,44823653,2023-09-19 09:40:25,,0 days 00:06:54,2023-09-19 09:47:19,,False,,4147,4.367079,51.9853416,4.3791733,52.0058494
344,4474353182,7399789770,2023-09-19 09:40:37,,0 days 00:04:25,2023-09-19 09:45:02,,False,,2653,4.3437769,51.9856583,4.3489474,52.0059179
345,1391531777,3581094493,2023-09-19 09:40:41,,0 days 00:04:00,2023-09-19 09:44:41,,False,,2402,4.3624912,52.0125818,4.3556705,52.0053338
346,44835248,1552650415,2023-09-19 09:40:48,,0 days 00:05:29,2023-09-19 09:46:17,,False,,3295,4.3321263,52.0081237,4.3379508,51.9994285
347,5052031931,4986579667,2023-09-19 09:40:50,,0 days 00:09:48,2023-09-19 09:50:38,,False,,5884,4.3713285,51.9843526,4.3273477,52.0083629
348,1668136752,1413910876,2023-09-19 09:40:55,,0 days 00:05:18,2023-09-19 09:46:13,,False,,3181,4.3560756,51.9850616,4.3426754,52.0016524
349,44785116,4986579678,2023-09-19 09:41:02,,0 days 00:09:56,2023-09-19 09:50:58,,False,,5968,4.3822571,51.9967346,4.3286586,52.0076612
350,30016728,4266791030,2023-09-19 09:41:04,,0 days 00:07:15,2023-09-19 09:48:19,,False,,4358,4.3614265,51.9834455,4.3442737,52.0134786
351,44829651,620833182,2023-09-19 09:41:06,,0 days 00:04:25,2023-09-19 09:45:31,,False,,2651,4.3526439,52.006946,4.3663137,52.0148763
352,1608998265,4715765487,2023-09-19 09:41:07,,0 days 00:06:12,2023-09-19 09:47:19,,False,,3729,4.3346301,51.9877824,4.3420614,52.005605
353,4159110115,1569647891,2023-09-19 09:41:10,,0 days 00:03:36,2023-09-19 09:44:46,,False,,2168,4.3554528,52.002779,4.3635226,52.004393
354,4249122117,5315003498,2023-09-19 09:41:27,,0 days 00:05:16,2023-09-19 09:46:43,,False,,3165,4.3799325,51.9890633,4.3611483,51.9886459
355,1436427208,4246422182,2023-09-19 09:41:35,,0 days 00:06:11,2023-09-19 09:47:46,,False,,3719,4.3739406,52.0155653,4.3506608,51.996522
356,44822066,1413911024,2023-09-19 09:41:37,,0 days 00:04:07,2023-09-19 09:45:44,,False,,2477,4.3415255,52.0055666,4.36309,52.0074856
357,44731083,4124549371,2023-09-19 09:41:45,,0 days 00:04:16,2023-09-19 09:46:01,,False,,2569,4.3649406,51.9851685,4.3506233,51.9980382
358,1518087848,5119873484,2023-09-19 09:41:50,,0 days 00:05:14,2023-09-19 09:47:04,,False,,3146,4.3411228,51.9847584,4.3563443,52.0049608
359,44835830,5264539952,2023-09-19 09:42:10,,0 days 00:05:38,2023-09-19 09:47:48,,False,,3380,4.3785077,52.0081887,4.3405306,51.997689
360,1833104242,3790294280,2023-09-19 09:42:18,,0 days 00:05:27,2023-09-19 09:47:45,,False,,3271,4.3432972,51.9925756,4.3489205,52.0129511
361,1668136713,44844498,2023-09-19 09:42:21,,0 days 00:07:15,2023-09-19 09:49:36,,False,,4357,4.3450182,51.9785639,4.3510527,52.0102239
362,1436427189,1530303718,2023-09-19 09:42:28,,0 days 00:03:56,2023-09-19 09:46:24,,False,,2366,4.3313775,52.0112115,4.3571498,52.0149703
363,2670677182,1393024898,2023-09-19 09:42:30,,0 days 00:06:56,2023-09-19 09:49:26,,False,,4165,4.3301175,52.0072986,4.3565118,51.9926343
364,4124549374,1575265196,2023-09-19 09:42:32,,0 days 00:05:01,2023-09-19 09:47:33,,False,,3019,4.3518371,51.998128,4.3552306,52.0127585
365,4655063484,44841167,2023-09-19 09:42:32,,0 days 00:04:42,2023-09-19 09:47:14,,False,,2820,4.3525333,51.9995162,4.333542,52.0094138
366,2587864260,1584562931,2023-09-19 09:42:46,,0 days 00:05:02,2023-09-19 09:47:48,,False,,3020,4.3680172,52.00636,4.3410697,51.9939018
367,1679761119,44864531,2023-09-19 09:42:50,,0 days 00:08:23,2023-09-19 09:51:13,,False,,5032,4.3384617,51.9917351,4.376643,52.0150631
368,7098470106,1413910820,2023-09-19 09:42:51,,0 days 00:07:06,2023-09-19 09:49:57,,False,,4262,4.369788,51.9872178,4.3650896,52.0162895
369,44814944,484468704,2023-09-19 09:42:54,,0 days 00:05:28,2023-09-19 09:48:22,,False,,3287,4.3798817,52.0041352,4.3467511,52.0052288
370,2047160810,2381861256,2023-09-19 09:43:13,,0 days 00:07:56,2023-09-19 09:51:09,,False,,4767,4.3799083,51.9813031,4.3661929,51.9851207
371,44801590,599022490,2023-09-19 09:43:17,,0 days 00:04:12,2023-09-19 09:47:29,,False,,2528,4.3649966,52.0007895,4.3544622,52.0073325
372,672983381,3995048391,2023-09-19 09:43:19,,0 days 00:04:25,2023-09-19 09:47:44,,False,,2657,4.3713062,52.0095945,4.3450254,52.0154906
373,1448391106,44824388,2023-09-19 09:43:26,,0 days 00:05:07,2023-09-19 09:48:33,,False,,3079,4.3264664,52.0122315,4.3483706,52.0059303
374,1569647770,1569858134,2023-09-19 09:43:29,,0 days 00:04:01,2023-09-19 09:47:30,,False,,2413,4.3622497,52.0041913,4.3520333,52.0003091
375,2381851915,7399789770,2023-09-19 09:43:34,,0 days 00:03:35,2023-09-19 09:47:09,,False,,2155,4.3285923,52.010084,4.3489474,52.0059179
376,44847008,1566353937,2023-09-19 09:43:36,,0 days 00:06:32,2023-09-19 09:50:08,,False,,3920,4.3458927,52.0107901,4.3482872,51.9826618
377,44872126,44759037,2023-09-19 09:43:38,,0 days 00:05:38,2023-09-19 09:49:16,,False,,3389,4.3466103,52.0168247,4.3595571,51.9911921
378,4715765487,44774832,2023-09-19 09:43:38,,0 days 00:04:21,2023-09-19 09:47:59,,False,,2612,4.3420614,52.005605,4.360397,51.9946118
379,7399789770,1830076520,2023-09-19 09:43:46,,0 days 00:05:14,2023-09-19 09:49:00,,False,,3143,4.3489474,52.0059179,4.3479053,51.984269
380,4217824171,479575361,2023-09-19 09:43:51,,0 days 00:03:49,2023-09-19 09:47:40,,False,,2292,4.3567948,52.0035363,4.3605339,52.0137817
381,1435362510,3452720263,2023-09-19 09:43:53,,0 days 00:03:58,2023-09-19 09:47:51,,False,,2387,4.333561,52.0128152,4.3442942,52.0024378
382,1448535796,44854736,2023-09-19 09:44:18,,0 days 00:06:15,2023-09-19 09:50:33,,False,,3757,4.3470031,51.9835855,4.3479227,52.0125323
383,1435362502,1552651470,2023-09-19 09:44:28,,0 days 00:03:59,2023-09-19 09:48:27,,False,,2396,4.3372053,52.0128005,4.3400067,52.0016291
384,3669180604,2381861261,2023-09-19 09:44:28,,0 days 00:08:58,2023-09-19 09:53:26,,False,,5381,4.3616711,52.0193463,4.3669724,51.9852794
385,311106487,44732899,2023-09-19 09:44:47,,0 days 00:06:20,2023-09-19 09:51:07,,False,,3803,4.3649888,52.0110222,4.3440864,51.9855542
386,1421472378,44835279,2023-09-19 09:44:48,,0 days 00:05:49,2023-09-19 09:50:37,,False,,3496,4.3579007,51.9907554,4.3758912,52.0080683
387,1566353742,1576641163,2023-09-19 09:44:53,,0 days 00:05:00,2023-09-19 09:49:53,,False,,3001,4.3443514,51.9813585,4.3532575,52.001374
388,44715423,1413910861,2023-09-19 09:45:18,,0 days 00:04:16,2023-09-19 09:49:34,,False,,2563,4.3464685,51.9820369,4.347699,52.0007122
389,1552650403,44721739,2023-09-19 09:45:23,,0 days 00:06:42,2023-09-19 09:52:05,,False,,4027,4.3380298,51.9994236,4.3623013,51.9834621
390,44915906,44848435,2023-09-19 09:45:38,,0 days 00:08:47,2023-09-19 09:54:25,,False,,5276,4.3582942,52.0269338,4.3481815,52.0111369
391,44839193,3868737903,2023-09-19 09:45:47,,0 days 00:06:07,2023-09-19 09:51:54,,False,,3674,4.3616483,52.0089262,4.3712126,51.9845613
392,1436427174,1519890005,2023-09-19 09:45:53,,0 days 00:07:11,2023-09-19 09:53:04,,False,,4319,4.368024,52.0108508,4.3455153,51.9833541
393,1833104248,2323108159,2023-09-19 09:45:54,,0 days 00:05:49,2023-09-19 09:51:43,,False,,3494,4.3411872,51.9928222,4.3518544,52.0166429
394,1413911135,44847480,2023-09-19 09:46:14,,0 days 00:04:06,2023-09-19 09:50:20,,False,,2467,4.36476,52.016642,4.350223,52.0108989
395,1608998194,44835265,2023-09-19 09:46:20,,0 days 00:05:03,2023-09-19 09:51:23,,False,,3039,4.3410124,51.9867026,4.3501153,52.0081218
396,1413911044,1552650711,2023-09-19 09:46:22,,0 days 00:03:36,2023-09-19 09:49:58,,False,,2160,4.3641737,52.0081612,4.3410681,52.0002309
397,1566353725,44877771,2023-09-19 09:46:28,,0 days 00:10:05,2023-09-19 09:56:33,,False,,6051,4.3430424,51.9811267,4.3605175,52.0183782
398,44774832,44825826,2023-09-19 09:46:32,,0 days 00:03:23,2023-09-19 09:49:55,,False,,2034,4.360397,51.9946118,4.3460409,52.0062922
399,479577554,44861489,2023-09-19 09:46:51,,0 days 00:04:47,2023-09-19 09:51:38,,False,,2871,4.3600702,52.0046868,4.3458906,52.0142021
400,44852792,44783329,2023-09-19 09:46:55,,0 days 00:05:58,2023-09-19 09:52:53,,False,,3581,4.3672638,52.012132,4.3421259,51.9965676
401,44832338,44896436,2023-09-19 09:47:40,,0 days 00:03:49,2023-09-19 09:51:29,,False,,2294,4.3663179,52.0076444,4.3561176,52.0228411
402,1530303594,3669218090,2023-09-19 09:47:43,,0 days 00:03:40,2023-09-19 09:51:23,,False,,2205,4.3661302,52.0100524,4.3538621,52.0213718
403,5515088893,44779743,2023-09-19 09:47:46,,0 days 00:06:09,2023-09-19 09:53:55,,False,,3692,4.3560487,51.9832916,4.34237,51.9957755
404,44715974,44909275,2023-09-19 09:47:47,,0 days 00:09:35,2023-09-19 09:57:22,,False,,5755,4.3473889,51.9821834,4.356223,52.0255551
405,44701825,1436427141,2023-09-19 09:48:09,,0 days 00:06:49,2023-09-19 09:54:58,,False,,4095,4.3495274,51.979289,4.3466932,52.0105962
406,44850689,44779745,2023-09-19 09:48:24,,0 days 00:04:26,2023-09-19 09:52:50,,False,,2664,4.3404589,52.0116607,4.3438205,51.9957112
407,44740937,44840841,2023-09-19 09:48:34,,0 days 00:05:12,2023-09-19 09:53:46,,False,,3120,4.3628847,51.9873248,4.3528278,52.0093432
408,1518094750,44779311,2023-09-19 09:49:18,,0 days 00:03:50,2023-09-19 09:53:08,,False,,2305,4.3415303,51.9819443,4.3410138,51.9956271
409,44831894,4474343338,2023-09-19 09:49:29,,0 days 00:05:20,2023-09-19 09:54:49,,False,,3204,4.3723353,52.007378,4.3448318,51.995517
410,1436427187,5119873484,2023-09-19 09:49:36,,0 days 00:03:33,2023-09-19 09:53:09,,False,,2133,4.3681012,52.0110236,4.3563443,52.0049608
411,44765486,44853267,2023-09-19 09:49:59,,0 days 00:06:44,2023-09-19 09:56:43,,False,,4044,4.3427572,51.9926099,4.3707585,52.0122695
412,44718822,1580650064,2023-09-19 09:50:01,,0 days 00:07:36,2023-09-19 09:57:37,,False,,4567,4.3474074,51.9827434,4.3653807,52.0107386
413,1448535786,5171875765,2023-09-19 09:50:10,,0 days 00:08:10,2023-09-19 09:58:20,,False,,4906,4.3371594,51.9831906,4.3733667,52.0059639
414,3452839333,3669138217,2023-09-19 09:50:41,,0 days 00:05:33,2023-09-19 09:56:14,,False,,3338,4.3447043,51.9964707,4.3667906,52.0146043
415,44735955,44845674,2023-09-19 09:50:54,,0 days 00:05:59,2023-09-19 09:56:53,,False,,3590,4.3571227,51.986215,4.3640979,52.0106178
416,735308421,44831868,2023-09-19 09:51:06,,0 days 00:07:51,2023-09-19 09:58:57,,False,,4715,4.3845516,51.988975,4.3472902,52.0074178
417,44845283,44753930,2023-09-19 09:51:16,,0 days 00:08:27,2023-09-19 09:59:43,,False,,5076,4.3866317,52.0104541,4.3445864,51.9900133
418,248191382,2572707863,2023-09-19 09:51:22,,0 days 00:07:29,2023-09-19 09:58:51,,False,,4497,4.3639573,51.9851406,4.3669026,52.0020167
419,1679761088,1391531760,2023-09-19 09:51:24,,0 days 00:07:05,2023-09-19 09:58:29,,False,,4250,4.3496657,51.99026,4.3622868,52.0124708
420,620833182,4159110115,2023-09-19 09:51:48,,0 days 00:04:14,2023-09-19 09:56:02,,False,,2544,4.3663137,52.0148763,4.3554528,52.002779
421,44703099,1436427189,2023-09-19 09:52:15,,0 days 00:08:24,2023-09-19 10:00:39,,False,,5042,4.3408021,51.9794878,4.3313775,52.0112115
422,1448535806,5750227856,2023-09-19 09:52:15,,0 days 00:06:45,2023-09-19 09:59:00,,False,,4051,4.3413725,51.984209,4.3673863,52.0061722
423,8186855657,484468704,2023-09-19 09:52:20,,0 days 00:05:55,2023-09-19 09:58:15,,False,,3559,4.3697102,51.992966,4.3467511,52.0052288
424,1568976634,1575265479,2023-09-19 09:52:39,,0 days 00:07:52,2023-09-19 10:00:31,,False,,4723,4.3372336,51.9932068,4.3687033,52.0182154
425,44739628,1383461972,2023-09-19 09:52:42,,0 days 00:05:47,2023-09-19 09:58:29,,False,,3473,4.3678499,51.9870654,4.368192,52.0057377
426,2673589215,4552144483,2023-09-19 09:52:42,,0 days 00:06:44,2023-09-19 09:59:26,,False,,4049,4.3275971,52.0081297,4.3702905,52.0103909
427,44850701,44854736,2023-09-19 09:52:48,,0 days 00:03:54,2023-09-19 09:56:42,,False,,2341,4.3691623,52.0115658,4.3479227,52.0125323
428,1410537007,1413910857,2023-09-19 09:53:05,,0 days 00:04:43,2023-09-19 09:57:48,,False,,2838,4.3812747,52.006644,4.3477596,52.0004612
429,7229895331,4159110115,2023-09-19 09:53:06,,0 days 00:04:50,2023-09-19 09:57:56,,False,,2901,4.3326671,52.0082009,4.3554528,52.002779
430,617806644,1552650403,2023-09-19 09:53:09,,0 days 00:04:52,2023-09-19 09:58:01,,False,,2927,4.3687428,52.0051365,4.3380298,51.9994236
431,1402734930,44835816,2023-09-19 09:53:14,,0 days 00:05:19,2023-09-19 09:58:33,,False,,3195,4.3645967,51.990495,4.3601046,52.0082021
432,44809902,44873604,2023-09-19 09:53:16,,0 days 00:05:36,2023-09-19 09:58:52,,False,,3369,4.3459568,52.0026135,4.3607111,52.0172016
433,7003131561,1679761189,2023-09-19 09:53:19,,0 days 00:04:06,2023-09-19 09:57:25,,False,,2463,4.3435926,52.0045925,4.3436438,51.9962915
434,4502921354,1608998274,2023-09-19 09:53:21,,0 days 00:08:51,2023-09-19 10:02:12,,False,,5316,4.3728841,51.9982076,4.3385453,51.9881473
435,44753501,44848468,2023-09-19 09:53:21,,0 days 00:06:17,2023-09-19 09:59:38,,False,,3770,4.3544253,51.9899814,4.3703591,52.0111269
436,44812020,44845283,2023-09-19 09:53:26,,0 days 00:07:12,2023-09-19 10:00:38,,False,,4320,4.3457985,52.0030694,4.3866317,52.0104541
437,44711143,44768937,2023-09-19 09:53:28,,0 days 00:03:55,2023-09-19 09:57:23,,False,,2350,4.3592116,51.9811218,4.3591693,51.9932575
438,1474883280,44859610,2023-09-19 09:53:29,,0 days 00:05:21,2023-09-19 09:58:50,,False,,3213,4.3521305,51.9978318,4.3723303,52.0137388
439,1508965073,1803181007,2023-09-19 09:53:30,,0 days 00:03:55,2023-09-19 09:57:25,,False,,2351,4.3501061,52.0075105,4.3260494,52.0097274
440,44820020,618763989,2023-09-19 09:53:34,,0 days 00:04:47,2023-09-19 09:58:21,,False,,2877,4.3816219,52.0051195,4.3550532,52.0013032
441,2599554574,1402734804,2023-09-19 09:53:41,,0 days 00:06:19,2023-09-19 10:00:00,,False,,3795,4.3559854,52.0170664,4.3585123,51.9891754
442,44892459,1608998231,2023-09-19 09:53:43,,0 days 00:08:28,2023-09-19 10:02:11,,False,,5087,4.3579603,52.0219161,4.3409699,51.987324
443,44846551,1413910854,2023-09-19 09:53:47,,0 days 00:04:45,2023-09-19 09:58:32,,False,,2855,4.3309443,52.0106732,4.3438137,52.00027
444,672526443,1269112834,2023-09-19 09:53:47,,0 days 00:04:50,2023-09-19 09:58:37,,False,,2908,4.3578714,51.9835898,4.3500691,51.9964222
445,4095856086,312033061,2023-09-19 09:53:50,,0 days 00:03:32,2023-09-19 09:57:22,,False,,2127,4.3813323,52.0009226,4.3687273,52.0105157
446,44885449,5507717333,2023-09-19 09:53:55,,0 days 00:04:46,2023-09-19 09:58:41,,False,,2863,4.3653908,52.0203103,4.3376263,52.0131505
447,6248301254,44844070,2023-09-19 09:54:00,,0 days 00:07:02,2023-09-19 10:01:02,,False,,4222,4.3581654,51.9837695,4.3545139,52.0101122
448,4594247438,1552650601,2023-09-19 09:54:05,,0 days 00:03:38,2023-09-19 09:57:43,,False,,2181,4.3558765,52.0093968,4.336899,51.9999067
449,3151169335,44763547,2023-09-19 09:54:22,,0 days 00:04:31,2023-09-19 09:58:53,,False,,2714,4.3618783,52.0010243,4.3452786,51.9922505
450,1448509882,44729072,2023-09-19 09:54:22,,0 days 00:07:08,2023-09-19 10:01:30,,False,,4285,4.3703795,52.004445,4.3651191,51.9847102
451,7098468098,565034413,2023-09-19 09:54:39,,0 days 00:07:15,2023-09-19 10:01:54,,False,,4355,4.3715968,51.9838426,4.3364636,52.0011922
452,1448535839,44841563,2023-09-19 09:54:40,,0 days 00:05:40,2023-09-19 10:00:20,,False,,3406,4.3472291,51.9851892,4.3475464,52.0095413
453,4986579681,44771638,2023-09-19 09:54:50,,0 days 00:07:08,2023-09-19 10:01:58,,False,,4280,4.3276959,52.0071421,4.3347411,51.9939209
454,1552651190,44722233,2023-09-19 09:54:53,,0 days 00:07:05,2023-09-19 10:01:58,,False,,4250,4.3377554,52.0010194,4.3587,51.9834
455,44778412,44813101,2023-09-19 09:55:00,,0 days 00:03:25,2023-09-19 09:58:25,,False,,2052,4.3580317,51.9954142,4.3464973,52.0034633
456,1583992763,44820010,2023-09-19 09:55:05,,0 days 00:05:58,2023-09-19 10:01:03,,False,,3584,4.3523851,51.9839793,4.3508911,52.0051748
457,44839201,643586572,2023-09-19 09:55:10,,0 days 00:05:22,2023-09-19 10:00:32,,False,,3224,4.3752006,52.0088876,4.3450106,51.9965326
458,1570983366,44713428,2023-09-19 09:55:32,,0 days 00:05:05,2023-09-19 10:00:37,,False,,3057,4.3650207,51.9833412,4.3400387,51.9817347
459,1774593299,44826459,2023-09-19 09:55:38,,0 days 00:06:18,2023-09-19 10:01:56,,False,,3783,4.3373835,51.9812115,4.3503437,52.0063479
460,44815349,1584013904,2023-09-19 09:55:41,,0 days 00:04:14,2023-09-19 09:59:55,,False,,2547,4.3503,52.0042,4.347702,51.9895563
461,1584637025,44738227,2023-09-19 09:55:53,,0 days 00:03:45,2023-09-19 09:59:38,,False,,2254,4.3512118,51.9837075,4.3587863,51.9867239
462,2673589221,559635312,2023-09-19 09:55:56,,0 days 00:05:29,2023-09-19 10:01:25,,False,,3290,4.3292057,52.0067977,4.3426807,52.0017807
463,7229090978,1571088224,2023-09-19 09:55:57,,0 days 00:03:50,2023-09-19 09:59:47,,False,,2302,4.3594497,52.0011922,4.3527308,51.9936957
464,1569646643,44753928,2023-09-19 09:56:07,,0 days 00:04:42,2023-09-19 10:00:49,,False,,2823,4.3614027,52.0016495,4.3443631,51.9900047
465,1436427064,44741866,2023-09-19 09:56:11,,0 days 00:06:47,2023-09-19 10:02:58,,False,,4071,4.3643508,52.0017344,4.361137,51.9874776
466,5715066940,44820017,2023-09-19 09:56:11,,0 days 00:05:56,2023-09-19 10:02:07,,False,,3562,4.359206,51.9871696,4.3765025,52.0051171
467,44814389,4554554060,2023-09-19 09:56:12,,0 days 00:03:24,2023-09-19 09:59:36,,False,,2042,4.3628177,52.00389,4.3596948,52.0004968
468,1435362459,4246422182,2023-09-19 09:56:13,,0 days 00:05:17,2023-09-19 10:01:30,,False,,3170,4.3348268,52.010053,4.3506608,51.996522
469,44774818,44740051,2023-09-19 09:56:15,,0 days 00:03:37,2023-09-19 09:59:52,,False,,2172,4.34512,51.9946188,4.3606844,51.9871152
470,44810363,44722748,2023-09-19 09:56:26,,0 days 00:06:38,2023-09-19 10:03:04,,False,,3981,4.3774609,52.0025789,4.363279,51.9835344
471,1838103225,44847481,2023-09-19 09:56:40,,0 days 00:03:56,2023-09-19 10:00:36,,False,,2366,4.3645744,52.0143708,4.3537596,52.010851
472,1519889905,3534010196,2023-09-19 09:56:41,,0 days 00:05:34,2023-09-19 10:02:15,,False,,3348,4.3462152,51.9826697,4.3549626,52.0045232
473,1830058806,4486831034,2023-09-19 09:57:24,,0 days 00:08:23,2023-09-19 10:05:47,,False,,5037,4.341082,51.9834591,4.3741968,52.0061882
474,27082148,44825205,2023-09-19 09:57:29,,0 days 00:04:28,2023-09-19 10:01:57,,False,,2686,4.3789686,52.0083967,4.3519518,52.0061737
475,1402771560,1402734511,2023-09-19 09:57:36,,0 days 00:04:05,2023-09-19 10:01:41,,False,,2452,4.3352952,51.9843537,4.3662669,51.986333
476,4244308801,1552650539,2023-09-19 09:57:49,,0 days 00:04:27,2023-09-19 10:02:16,,False,,2678,4.3588475,52.0045663,4.3377156,51.9996892
477,44816477,44831868,2023-09-19 09:57:50,,0 days 00:05:22,2023-09-19 10:03:12,,False,,3220,4.3791671,52.0044718,4.3472902,52.0074178
478,1435362418,27082148,2023-09-19 09:58:01,,0 days 00:07:05,2023-09-19 10:05:06,,False,,4253,4.3418159,52.0081754,4.3789686,52.0083967
479,1356326512,1570983291,2023-09-19 09:58:02,,0 days 00:08:41,2023-09-19 10:06:43,,False,,5211,4.3770665,52.0108311,4.3674907,51.9829427
480,44891423,1449050796,2023-09-19 09:58:07,,0 days 00:03:25,2023-09-19 10:01:32,,False,,2057,4.3574182,52.0217325,4.3402209,52.0133105
481,44817944,6280811247,2023-09-19 09:58:12,,0 days 00:03:22,2023-09-19 10:01:34,,False,,2026,4.3513408,52.004756,4.3699184,52.0068995
482,44817455,4244384215,2023-09-19 09:58:12,,0 days 00:03:24,2023-09-19 10:01:36,,False,,2040,4.3819871,52.0046907,4.3606172,52.0057698
483,44859972,44807530,2023-09-19 09:58:19,,0 days 00:04:56,2023-09-19 10:03:15,,False,,2969,4.3737745,52.0138307,4.3498401,52.0020751
484,1435362459,4228809539,2023-09-19 09:58:22,,0 days 00:03:59,2023-09-19 10:02:21,,False,,2399,4.3348268,52.010053,4.3540308,52.0022546
485,44869806,1552651574,2023-09-19 09:58:29,,0 days 00:04:40,2023-09-19 10:03:09,,False,,2808,4.357907,52.0163548,4.3423014,52.0019958
486,1569647891,44845664,2023-09-19 09:58:31,,0 days 00:04:58,2023-09-19 10:03:29,,False,,2980,4.3635226,52.004393,4.3440013,52.0105147
487,44868262,311074746,2023-09-19 09:58:32,,0 days 00:07:36,2023-09-19 10:06:08,,False,,4567,4.3341,52.016,4.3692012,51.9981985
488,44708875,44805508,2023-09-19 09:58:36,,0 days 00:07:16,2023-09-19 10:05:52,,False,,4362,4.3564381,51.9806364,4.3439771,52.0016777
489,1402734973,1436427064,2023-09-19 09:58:39,,0 days 00:05:40,2023-09-19 10:04:19,,False,,3404,4.3709915,51.9920489,4.3643508,52.0017344
490,4344715216,44768937,2023-09-19 09:58:41,,0 days 00:07:33,2023-09-19 10:06:14,,False,,4532,4.328104,52.0063915,4.3591693,51.9932575
491,2162745213,44835812,2023-09-19 09:58:42,,0 days 00:03:41,2023-09-19 10:02:23,,False,,2217,4.3632475,52.0047395,4.3538147,52.0080283
492,1391531482,44855652,2023-09-19 09:58:46,,0 days 00:06:09,2023-09-19 10:04:55,,False,,3692,4.3674918,51.9918458,4.344155,52.012662
493,44789407,44891909,2023-09-19 09:59:04,,0 days 00:05:29,2023-09-19 10:04:33,,False,,3290,4.3567132,51.9977092,4.3529096,52.0218316
494,3377087989,44816475,2023-09-19 09:59:05,,0 days 00:04:01,2023-09-19 10:03:06,,False,,2417,4.3530767,52.0094521,4.3756315,52.0043654
495,1413911080,2321923795,2023-09-19 09:59:19,,0 days 00:04:14,2023-09-19 10:03:33,,False,,2549,4.3677449,52.0135149,4.3520093,52.0031914
496,1421472391,1519889948,2023-09-19 09:59:28,,0 days 00:03:57,2023-09-19 10:03:25,,False,,2374,4.3556867,51.9947004,4.3439887,51.9829076
497,44817967,1679761035,2023-09-19 09:59:31,,0 days 00:07:39,2023-09-19 10:07:10,,False,,4590,4.375039,52.0046752,4.3497004,51.9871901
498,44892459,643587012,2023-09-19 09:59:34,,0 days 00:09:07,2023-09-19 10:08:41,,False,,5476,4.3579603,52.0219161,4.3469587,51.9833275
499,44856860,582004773,2023-09-19 09:59:50,,0 days 00:05:35,2023-09-19 10:05:25,,False,,3352,4.3396683,52.0130517,4.3634067,52.0048011
