scenario,inform,regist,rejected_reg,particip,reject_particip,mean_perc_inc,mean_perc_inc_ptcp,mean_perc_inc_reg,mean_exp_inc,rel_perc_inc,rel_perc_inc_reg,rel_perc_inc_ptcp,std_perc_inc,std_exp_inc,std_perc_inc_reg,std_perc_inc_ptcp,res_wage_inf,res_wage_reg,res_wage_ptcp,new_regist,deregist,driver_surplus,mean_rev,mean_op_costs,ivt_costs,dh_costs,mean_dh_dist,mean_dh_time,drive_time,not_idle_time,share_idle_time,comm-rate,fare
0.05_0.5,2500.0,154.26666666666665,0.0,96.8,0.0,74.22329461442568,74.3102853122892,74.4371322215106,74.84498376061997,0.5561540681805823,1.3397817569684831,1.8006313329023849,1.1937879031573242,6.645522197434903,2.1081624869740714,2.338303577339695,200.49374349095186,106.42579958754528,44.926672893458,5.3999999999999995,6.466666666666666,-194.72859943066308,149.5229542803432,74.67797051972322,52.658648402465474,22.019322117257754,88.07728846903102,8807.7288469031,21063.459360986188,29871.188207889285,-0.03719403499615582,5,0.5
0.05_0.75,2500.0,269.53333333333336,0.0,204.73333333333335,0.0,88.7444608409533,89.06675167463878,88.75105226198157,88.30959493645003,0.6733474258284199,1.5483341431279172,1.8319293364523792,2.8459716467497063,15.057541197737015,4.895633272191577,5.137629694470907,201.50756437741794,88.66715865652895,52.75390170896239,7.933333333333334,7.666666666666667,1875.7934823303756,132.88433755154912,44.57474261509907,34.93096674469407,9.643775870405005,38.57510348162002,3857.5103481620026,13972.38669787763,17829.897046039627,0.3809063525680685,5,0.75
0.05_1.0,2500.0,275.40000000000003,0.0,210.13333333333333,0.0,89.78676521760467,90.56678376442152,89.81152256153138,90.07661788494634,0.6791200857482144,1.5612538220884626,1.849818024485022,4.86783943729973,24.354089523503415,8.79367519352512,8.993391805759451,199.25022985655627,91.03732708718292,53.33432432445179,8.466666666666667,8.466666666666667,2200.1862837335398,121.49606468691,31.41944680196366,25.374714582315658,6.044732219647998,24.178928878591993,2417.892887859199,10149.885832926264,12567.778720785462,0.5636187944171714,5,1.0
0.05_1.25,2500.0,251.79999999999998,0.0,191.66666666666666,0.0,87.89806794697722,88.9561209194946,88.07184052888424,86.44448811334887,0.6638438914745584,1.5444825909776607,1.8188455772761027,5.5727406706936025,28.12310651088732,10.034849047556222,10.179919341931763,199.8379162028488,85.03161901382714,53.27203477281731,8.533333333333333,6.3999999999999995,1318.3466573402493,109.2629168857331,22.818428772384255,18.932220876574778,3.8862078958094783,15.544831583237913,1554.4831583237913,7572.888350629913,9127.371508953704,0.6830773781613297,5,1.25
0.05_1.5,2500.0,218.20000000000002,0.0,157.20000000000002,0.0,84.31435474797387,85.89290503650227,84.51689284175755,84.35808220641402,0.6289355311370072,1.4562401577608266,1.7659979016055842,6.059746034717221,31.39349018461049,11.204922771870612,10.75681124976336,198.9882758664622,86.48474556185045,52.66792047686099,6.933333333333334,9.066666666666666,603.601986878038,102.62582552197505,18.267743315561017,15.186413934059447,3.0813293815015697,12.325317526006279,1232.5317526006277,6074.565573623779,7307.097326224405,0.7462813428394304,5,1.5
0.05_1.75,2500.0,185.0,0.0,125.39999999999999,0.0,80.07545704440669,82.15604551542063,80.20587949160637,79.55595624062312,0.600785843870482,1.4089339615880772,1.7977504785662914,6.384583031382429,32.45253408733316,12.032207086895001,11.65260918061171,199.6087600686184,98.02247827692844,49.34616791946262,7.666666666666667,7.8,69.94238307615427,94.26147302271568,14.705516782092547,12.17765963144013,2.5278571506524177,10.11142860260967,1011.142860260967,4871.063852576052,5882.206712837019,0.7957567113598257,5,1.75
0.05_2.0,2500.0,163.66666666666666,0.0,102.13333333333333,0.0,73.6805358173366,75.77818123353488,74.18234831475696,73.56821651480095,0.5633840506807869,1.381230857246227,1.8597335042648526,6.188508356732805,32.883606175160274,10.784130644050343,11.445784730606666,198.59074455409367,95.25291195518224,44.08142751411464,7.0,6.933333333333334,-274.2645372075479,85.51471814971694,11.946501634915991,9.799530540863422,2.146971094052571,8.587884376210283,858.7884376210283,3919.8122163453686,4778.600653966397,0.8340763661817224,5,2.0
0.05_2.25,2500.0,139.86666666666667,0.0,78.26666666666667,0.0,72.00840528107983,74.09828560417235,72.11316271919527,71.96283290581523,0.5385684973402686,1.2543959272256175,1.808107435807166,5.972048504269064,33.653934939310425,10.430497133029556,11.451617044274975,200.89932294425918,113.18124970608177,44.03070065464641,6.0,6.933333333333334,-626.5707565908369,82.48018618048444,10.517353274669203,8.510152481738329,2.007200792930876,8.028803171723505,802.8803171723506,3404.0609926953307,4206.9413098676805,0.8539256489629277,5,2.25
0.05_2.5,2500.0,118.93333333333334,0.0,58.333333333333336,0.0,65.35782802235221,67.85576673053298,65.82180354938731,67.09859323439251,0.4941024822314697,1.1448280158021917,1.7587948470837533,5.7982381372560425,32.6081495434573,10.939333389148123,11.622537117574575,199.4086270367941,114.5122150820324,42.37318140365867,6.333333333333333,7.333333333333333,-958.029623427733,76.20607029167834,9.107477057285848,7.1337075474988465,1.9737695097870027,7.895078039148011,789.5078039148011,2853.4830189995387,3642.99082291434,0.8735072630932521,5,2.5
0.15_0.5,2500.0,116.26666666666667,0.0,58.93333333333334,0.0,66.80695392275506,66.84985087551628,66.90682773038596,65.94578552868175,0.5005547141117336,1.1671134777557128,1.8157064945936299,1.0276113775012385,6.01622054551278,1.7024090259917877,1.881268477473933,200.49374349095186,124.85999876221335,40.1454390185106,5.066666666666666,5.666666666666667,-809.8815359472637,142.75564582362588,76.80986029494412,55.93405911002005,20.87580118492407,83.50320473969629,8350.320473969628,22373.62364400802,30723.944117977644,-0.06680361520755713,15,0.5
0.15_0.75,2500.0,215.86666666666667,0.0,152.20000000000002,0.0,81.7731300753107,81.95711177834175,81.84950870278877,81.67494141375609,0.620581261534353,1.4628759550623947,1.8231398817336366,1.85041080618638,9.932629583774483,3.154998326842554,3.420076909764949,201.50756437741794,94.67248362966349,48.74637319319363,6.733333333333333,7.2,689.9900751064564,137.13316953448256,55.45822812072646,40.22764871860881,15.230579402117646,60.922317608470586,6092.2317608470585,16091.059487443525,22183.29124829058,0.22974683165657706,15,0.75
0.15_1.0,2500.0,241.79999999999998,0.0,178.46666666666667,0.0,85.35884607352399,85.86451224881195,85.29323042531908,85.88899047661518,0.6455414262493345,1.511093003377951,1.834703975176602,3.9893647755711927,20.50247917346933,7.402793560614337,7.712838154031334,199.25022985655627,94.15306554473655,50.881263265260344,7.466666666666666,7.933333333333333,1403.5673148398553,122.08196501551431,36.19297453889914,28.490388001336708,7.70258653756244,30.81034615024976,3081.0346150249766,11396.155200534682,14477.189815559657,0.4973197980708452,15,1.0
0.15_1.25,2500.0,217.46666666666667,0.0,159.86666666666667,0.0,85.3146938118714,86.37908277831566,85.45342875758371,85.87733469016634,0.6446810972966959,1.5291881016670181,1.849456886458353,4.828675952186436,25.018166988196768,8.479792943595626,8.688762460487004,199.8379162028488,88.04642850999083,50.97659973793594,7.733333333333333,6.6000000000000005,1224.5474078589439,113.0420357303952,27.164701040228863,21.88662045688307,5.27808058334579,21.11232233338316,2111.2322333383154,8754.648182753228,10865.880416091544,0.6227124855523769,15,1.25
0.15_1.5,2500.0,194.4,0.0,135.53333333333333,0.0,82.5160336438724,83.70173460040513,82.68822448835522,82.26757499597872,0.6158399219621128,1.4439677020921675,1.7863998994123378,5.2313735320714905,28.229221572593787,9.330452853968813,9.570318353679177,198.9882758664622,88.96765045027884,50.54879179537803,7.333333333333333,8.266666666666666,401.4744957008044,103.18837167716309,20.92079668118437,17.063955405914854,3.8568412752695167,15.427365101078067,1542.7365101078067,6825.58216236594,8368.318672473748,0.7094333794279949,15,1.5
0.15_1.75,2500.0,168.20000000000002,0.0,107.39999999999999,0.0,77.98032328588198,79.94829276034038,78.12245138274682,78.61170557091923,0.585642403144282,1.383079448388956,1.8248491281661465,5.671490914396309,30.353362599535245,10.197398880426986,10.032120716984632,199.6087600686184,102.01404976704714,47.48254813253801,7.266666666666666,7.933333333333333,-28.94316324219092,95.60544845905959,16.993742888140375,13.80084495866686,3.1928979294735167,12.771591717894067,1277.1591717894069,5520.337983466743,6797.49715525615,0.7639757932202725,15,1.75
0.15_2.0,2500.0,151.20000000000002,0.0,90.53333333333332,0.0,70.5840087361777,72.48236403329598,71.3079814701649,70.2897902032455,0.5399264949666559,1.3239168580794713,1.830124537120775,5.479081444451933,29.524743491343845,9.418638831101882,10.408645438182022,198.59074455409367,98.76850520327913,42.95617250493425,6.933333333333334,7.066666666666666,-564.87426751681,83.52319447635188,13.233404273106382,10.696254793792896,2.537149479313487,10.148597917253948,1014.8597917253948,4278.501917517157,5293.361709242553,0.816202718429078,15,2.0
0.15_2.25,2500.0,125.33333333333333,0.0,65.86666666666666,0.0,71.64295800829464,73.56983455950487,71.45658554543981,72.56522988870498,0.5361465546175324,1.231254158728751,1.8623581070151063,5.5261999635312415,31.416528445490524,9.600900583835918,10.699707852929151,200.89932294425918,119.99881128031905,42.43096552382338,6.2,6.133333333333333,-566.5115794145831,84.89343270647237,12.328202817767398,9.78875030219339,2.5394525155740073,10.15781006229603,1015.7810062296029,3915.500120877356,4931.2811271069595,0.8287749608643417,15,2.25
0.15_2.5,2500.0,106.53333333333335,0.0,49.53333333333333,0.0,63.93475173832485,66.70236137796483,64.51922817891761,66.25344479434473,0.4838461815434039,1.1038851901261197,1.7960534577073872,5.353596742485908,29.959948558856524,9.591460326636053,10.392237239944771,199.4086270367941,122.05863321628469,40.94636673671908,5.866666666666667,6.533333333333334,-890.0753508822514,76.71734105640151,10.463896262056783,8.025093422413383,2.4388028396434014,9.755211358573606,975.5211358573606,3210.037368965352,4185.558504822714,0.8546681074714334,15,2.5
0.1_0.5,2500.0,134.13333333333335,0.0,76.93333333333334,0.0,70.47305534567249,70.52483920415223,70.63349364385103,70.8557250501661,0.5280121930708055,1.256001212608598,1.803100174709673,1.143082819271541,6.22387492321484,1.9949312522438756,2.1090982437623733,200.49374349095186,114.75550091744704,42.4904342590347,5.133333333333333,6.3999999999999995,-511.58711844275905,147.04941105706945,76.19368600690335,54.557458872005405,21.63622713489795,86.5449085395918,8654.49085395918,21822.983548802156,30477.474402761338,-0.05824563898476865,10,0.5
0.1_0.75,2500.0,244.13333333333335,0.0,181.79999999999998,0.0,85.50032991872241,85.76817453721799,85.63793193455973,85.30025061156498,0.6488677708948508,1.5103672719805266,1.8209211854633478,2.3698652889238816,12.582071098241036,4.028502672478045,4.374527043702887,201.50756437741794,91.13060906132914,51.178654423822884,7.266666666666666,8.0,1311.8849807718805,134.11363322676246,48.81338261519749,37.20818353068252,11.605199084514972,46.42079633805989,4642.079633805989,14883.273412273005,19525.353046078995,0.32203635256670154,10,0.75
0.1_1.0,2500.0,259.6666666666667,0.0,195.0666666666667,0.0,88.15648140685433,88.86550469057416,88.20357358269631,87.84675689515696,0.6667806199770002,1.5462878600161112,1.8491068484476572,4.326524746662268,22.313458099066338,7.6064106774377125,7.881233902601995,199.25022985655627,92.39749975657656,52.376557364921645,7.866666666666667,7.133333333333333,1719.5513566467932,121.36141351212625,33.51465661696928,26.747219201244523,6.767437415724754,27.069749662899017,2706.9749662899017,10698.887680497808,13405.86264678771,0.534518658097649,10,1.0
0.1_1.25,2500.0,237.13333333333333,0.0,177.20000000000002,0.0,86.2608778767127,87.37664321636271,86.51963865819818,85.53941438557699,0.6515219856418629,1.5297289239579037,1.8201390486891882,5.079931062714208,26.28106762326873,8.826426397863548,8.78891703837944,199.8379162028488,86.12743567264653,52.260053610996465,8.466666666666667,6.333333333333333,1148.020831719369,110.07566544874918,24.53625106317219,20.128522444614102,4.4077286185580915,17.630914474232366,1763.0914474232366,8051.408977845639,9814.500425268876,0.6592187352337195,10,1.25
0.1_1.5,2500.0,202.26666666666665,0.0,143.33333333333334,0.0,84.28233616655024,85.71457438806517,84.2547854196889,85.21930402943305,0.6290126052048214,1.4743202168151193,1.8190595015800837,5.8280800069581415,30.018521939941905,10.664524563883413,10.886621059516782,198.9882758664622,87.83065633428492,50.83297146979837,7.0,9.133333333333333,861.0521874541051,105.22660411314723,20.00730008371419,16.4358464987948,3.571453584919387,14.285814339677549,1428.5814339677547,6574.33859951792,8002.920033485676,0.7221208321706364,10,1.5
0.1_1.75,2500.0,179.86666666666665,0.0,118.26666666666667,0.0,78.44876040715667,80.16682389799759,78.50082808427018,77.97354498934025,0.5887998369603847,1.3813591643034009,1.7779890851452747,5.9790015944612,31.54334611978581,10.904912359144902,10.864808404813681,199.6087600686184,99.1635056257298,48.768215319082174,7.466666666666666,8.133333333333333,-149.9315732252966,93.4733467999712,15.499801810630949,12.74491144467313,2.754890365957818,11.019561463831272,1101.9561463831271,5097.964577869253,6199.92072425238,0.7847249748523479,10,1.75
0.1_2.0,2500.0,157.66666666666666,0.0,95.39999999999999,0.0,72.58838757412681,74.76056426348399,73.15416821584006,72.59153024195278,0.5548417274843129,1.3604897151885362,1.8583383527940656,5.863118740033538,31.631919033764845,9.890868478317168,10.855653250056292,198.59074455409367,96.90583290270122,43.61329589226843,7.333333333333333,7.066666666666667,-400.1028192119646,85.29228185276266,12.700751610809869,10.316457233563234,2.384294377246636,9.537177508986543,953.7177508986542,4126.582893425294,5080.300644323947,0.8236006720720851,10,2.0
0.1_2.25,2500.0,131.2,0.0,69.86666666666667,0.0,72.17039434737214,74.07581172503792,71.90168379035138,74.05806356065277,0.5395532801187203,1.2316316311973408,1.8196078464759182,5.8097466554832735,32.6902211759228,9.658617463085394,11.064751907467452,200.89932294425918,117.42016160411276,43.76011638582173,6.066666666666666,6.733333333333333,-520.6175545797299,85.77529968506956,11.717236124416772,9.341629867768171,2.375606256648601,9.502425026594404,950.2425026594404,3736.651947107268,4686.894449766708,0.8372606093831004,10,2.25
0.1_2.5,2500.0,113.93333333333334,0.0,55.4,0.0,65.2515927306223,67.87647203775985,65.85272819967449,64.77895126843809,0.4940274152094162,1.1407173277542477,1.7856188967591384,5.6493284570987,31.388047236281363,10.050549099878817,11.229270578038518,199.4086270367941,117.41443195630347,42.28790320653232,6.333333333333333,6.533333333333334,-1049.3455957667702,74.17815553481732,9.399204266379224,7.328103969926311,2.071100296452913,8.284401185811651,828.4401185811652,2931.2415879705245,3759.6817065516902,0.8694554963002886,10,2.5
0.25_0.5,2500.0,77.86666666666667,0.0,22.066666666666663,0.0,54.25528875749848,54.15222517343602,54.47456689931537,54.53696237202453,0.4064433341647762,0.7859283694027521,1.7453039637240082,0.8959553243629174,4.779172062441156,1.3307935634633006,1.7378145900467354,200.49374349095186,165.01685240821664,34.46723145800225,4.2,5.333333333333333,-1120.5872424808306,131.68840346830322,77.15144109627867,57.8606191572945,19.290821938984177,77.16328775593671,7716.32877559367,23144.247662917798,30860.576438511474,-0.07154779300387053,25,0.5
0.25_0.75,2500.0,150.53333333333333,0.0,87.13333333333333,0.0,72.3084389820488,72.44008618561077,72.18848066497465,73.12568353526649,0.5487864626765774,1.2781963329138428,1.8214829727207436,1.285079156940517,7.068222127037259,2.335800896912086,2.495801866059088,201.50756437741794,111.46472401839985,43.23248509713684,6.066666666666667,6.666666666666667,-421.87393079310795,144.29827223397098,71.17258869870449,47.690138492672496,23.482450206031995,93.92980082412798,9392.980082412798,19076.055397068998,28469.035479481798,0.011491823629104267,25,0.75
0.25_1.0,2500.0,199.9333333333333,0.0,139.0666666666667,0.0,81.19338128828062,81.47989846714911,80.94125837747347,81.89121789825917,0.6144604147426768,1.4662372481739219,1.8608153387935875,2.7810039802452273,14.410643352986265,5.231318756511844,5.620482633610031,199.25022985655627,100.65367437244554,47.546690003999736,7.2,7.133333333333334,774.8641685271855,126.07084954200877,44.179631643749616,33.32900359867673,10.850628045072886,43.402512180291545,4340.251218029155,13331.601439470693,17671.85265749985,0.386394004947922,25,1.0
0.25_1.25,2500.0,192.6,0.0,136.53333333333333,0.0,80.52550634633208,81.36868976123444,80.77603286663603,80.08013857615244,0.6083966821157532,1.4672837795279567,1.819447147717877,3.9283621837249747,20.903663515047274,6.952368074707031,7.069432003186932,199.8379162028488,90.9528212317782,48.50693238866617,7.533333333333334,5.933333333333334,455.8587277553463,111.04374710864101,30.963608532488553,24.364708628002422,6.598899904486136,26.395599617944544,2639.5599617944545,9745.883451200969,12385.443412995422,0.5699498814932145,25,1.25
0.25_1.5,2500.0,170.33333333333334,0.0,112.86666666666667,0.0,79.08748813137674,80.23889527654497,79.24870632106747,79.49872518573027,0.5906285222505002,1.399426394965836,1.7976902043694214,4.693765229609462,25.622487619569686,8.372579887926383,9.007947391590841,198.9882758664622,92.81164586392174,48.20358791060642,6.8,8.066666666666666,121.78966514857943,104.02540198668378,24.526676800953506,19.49260536283719,5.034071438116315,20.13628575246526,2013.6285752465262,7797.042145134877,9810.670720381402,0.659351711097868,25,1.5
0.25_1.75,2500.0,149.20000000000002,0.0,89.26666666666667,0.0,75.70763379709568,77.51493136005801,75.33924760054276,76.87335325174,0.5684402174369372,1.3324351889578894,1.8372063468076039,5.228181304404101,27.24031618929234,9.969521039402794,10.014987613216618,199.6087600686184,107.66825542398789,45.782945589638075,7.066666666666666,7.3999999999999995,-221.41717922619955,97.00825012859904,20.134896876859038,15.865234180827928,4.269662696031109,17.078650784124434,1707.8650784124436,6346.093672331172,8053.958750743615,0.720348654488069,25,1.75
0.25_2.0,2500.0,135.46666666666667,0.0,75.86666666666666,0.0,68.27596724984217,69.87528643266477,68.70830037923817,68.91992772780739,0.5222288425759375,1.2770684443268767,1.8443697162690482,5.0069700873002,27.1825537113875,8.362618173545243,9.384602424994611,198.59074455409367,103.86397690721516,40.97500009358206,6.733333333333333,6.533333333333334,-595.6532958520912,84.45759238593894,15.537664658131552,12.256317926210414,3.2813467319211362,13.125386927684545,1312.5386927684542,4902.527170484166,6215.06586325262,0.7841991019703952,25,2.0
0.25_2.25,2500.0,118.06666666666666,0.0,58.6,0.0,67.45585653968193,68.95837725703254,67.96510699367332,66.50240853781914,0.5048211887605522,1.1483723931089427,1.788740248414882,4.962910786010349,27.799621420321838,8.410731089196501,9.601534968001083,200.89932294425918,124.37465344510923,41.53971590825905,5.266666666666667,6.533333333333334,-926.7040085522417,79.83696388144136,13.33455534362222,10.430467872706837,2.904087470915383,11.616349883661533,1161.634988366153,4172.187149082735,5333.822137448888,0.8147978424496914,25,2.25
0.25_2.5,2500.0,100.39999999999999,0.0,42.0,0.0,61.88140309982799,63.97555908978018,61.93412031964615,64.00853187876437,0.46797898820270983,1.0260321141272788,1.760527094810935,4.989265187244249,27.163979196877392,8.966051003466482,9.720076863007193,199.4086270367941,126.52241778967176,39.66161313262728,5.733333333333333,6.133333333333334,-997.644807130397,76.02135187835474,12.012819999590377,9.011759450719914,3.0010605488704614,12.004242195481845,1200.4242195481847,3604.7037802879654,4805.127999836151,0.833155277783467,25,2.5
0.2_0.5,2500.0,97.59999999999998,0.0,41.4,0.0,61.03179267661804,61.150425820249296,61.19839139418014,60.3053774420371,0.45736479280445824,1.0253014090030215,1.811803337837727,0.9662995885855542,5.640436552983306,1.5649912674256263,1.8641898376944475,200.49374349095186,139.46294017369215,36.73365536811787,4.666666666666667,5.533333333333334,-985.2228650407902,137.34945195413627,77.04407451209919,56.948410151950135,20.095664360149033,80.38265744059613,8038.265744059613,22779.36406078005,30817.62980483967,-0.0700565904458218,20,0.5
0.2_0.75,2500.0,180.6,0.0,118.60000000000001,0.0,77.23227615560236,77.37139901939157,77.27517570367938,77.91512308920285,0.5861777463894385,1.3862493272050047,1.8235202182077048,1.4677365041119559,7.920125225515605,2.559436507385777,2.8191691983391975,201.50756437741794,101.7592622188651,45.97192655050903,6.266666666666666,8.066666666666668,160.42077731865447,141.99712030202875,64.0819972128259,44.16610119402523,19.915896018800666,79.66358407520266,7966.358407520267,17666.44047761009,25632.798885130363,0.10997226093297358,20,0.75
0.2_1.0,2500.0,224.46666666666667,0.0,162.13333333333333,0.0,83.60765292825721,83.89618319794072,83.4463329857586,82.99179989186482,0.6326362044603004,1.494955270801766,1.8455180968185667,3.409933725481538,18.487684306618117,6.2429489244736445,6.706899765053881,199.25022985655627,96.42330296590461,49.47070948554997,7.533333333333334,7.2,930.1572758267871,122.09833291284292,39.10653302097813,30.26467613799984,8.84185688297829,35.36742753191316,3536.7427531913163,12105.870455199934,15642.613208391253,0.4568537080419704,20,1.0
0.2_1.25,2500.0,207.80000000000004,0.0,150.06666666666666,0.0,82.77095052307976,83.76096194422682,82.9406365737877,82.36661354086279,0.6254167130417442,1.4928652457804958,1.8234252856397923,4.401387459409178,22.68376147586498,7.973879110146217,8.083932042251144,199.8379162028488,89.09459855089189,50.06791321026509,8.333333333333334,6.066666666666666,687.3749265089413,110.92521740013918,28.5586038592764,22.81924539938895,5.739358459887448,22.957433839549793,2295.743383954979,9127.69815975558,11423.441543710558,0.6033527241767166,20,1.25
0.2_1.5,2500.0,182.53333333333333,0.0,125.0,0.0,79.83533675680557,80.87783404442166,79.97156289076224,80.78463832545015,0.5957396375418672,1.4040403285285903,1.7607407787137166,5.055260863397817,26.960715256146226,9.055076998738071,9.342453168228797,198.9882758664622,90.59858082716562,49.54319825076357,6.199999999999999,8.733333333333333,244.9049680217059,103.25559942033787,22.47096109488774,18.14209030627541,4.328870788612329,17.315483154449318,1731.5483154449319,7256.836122510164,8988.384437955096,0.6879033181265592,20,1.5
0.2_1.75,2500.0,162.6,0.0,102.06666666666668,0.0,76.52184050435291,78.23696161532946,76.42535453055233,75.35084274725112,0.574763721978967,1.3593932302920606,1.8145101827677756,5.390583390383713,27.84661161352955,9.890395605291806,9.80495524546412,199.6087600686184,103.2215345563339,46.750476441230944,7.2,7.6000000000000005,-353.71556855335956,93.04973326190303,17.69889051465191,14.270318029659668,3.428572484992243,13.714289939968973,1371.4289939968974,5708.127211863866,7079.556205860764,0.75418207618539,20,1.75
0.2_2.0,2500.0,143.33333333333334,0.0,83.06666666666668,0.0,69.95766331841405,71.53380954545118,70.35830611812908,69.53578293100193,0.5348008742073576,1.3055681884108814,1.834897760037653,5.256503038133624,28.49757011461608,8.907747624455048,9.965203387790966,198.59074455409367,101.14052210902305,42.1758666491102,6.933333333333334,6.733333333333333,-615.3520734197225,83.78402131414903,14.248238383147106,11.397676505402742,2.8505618777443638,11.402247510977455,1140.2247510977456,4559.070602161097,5699.2953532588435,0.8021078002340681,20,2.0
0.2_2.25,2500.0,122.86666666666667,0.0,62.06666666666666,0.0,69.30646219716137,70.49885612174346,68.77809343773832,70.19800323215185,0.5184702244280167,1.1810783187537948,1.8088170755855053,5.384293400489768,30.611186964347098,9.228144531228322,10.357751986387681,200.89932294425918,121.31085618760557,41.94171499450606,5.666666666666667,6.133333333333333,-740.5295733578672,83.1587365389049,12.960733306753049,10.187471049677198,2.773262257075851,11.093049028303405,1109.3049028303403,4074.988419870879,5184.293322701219,0.8199898151839854,20,2.25
0.2_2.5,2500.0,106.26666666666667,0.0,46.93333333333334,0.0,62.62029239151078,65.22805915151078,63.0018524938051,63.22532552404535,0.4735784763344815,1.055739701713347,1.7283629348877516,5.169094915570636,27.861151675644688,9.854998643696165,10.18070880996047,199.4086270367941,122.21176411517466,41.190934680652944,5.6000000000000005,6.133333333333333,-1103.6606494244875,74.04585499747348,10.82052947342813,8.230833655321913,2.589695818106217,10.358783272424867,1035.8783272424866,3292.3334621287645,4328.211789371251,0.8497148684246093,20,2.5
0.35_0.5,2500.0,60.666666666666664,0.0,2.4,0.0,38.27937892817737,38.07833825920233,37.71238372157499,38.35019805555556,0.28683527748800364,0.31874784577431353,1.448051511998428,0.6459485735734497,4.389103312678833,1.1875289779507872,1.3068469226452262,200.49374349095186,193.12197998983197,30.56793540234409,3.1999999999999997,4.333333333333334,-1202.322882020351,115.7003903611111,77.35019230555557,58.66446694444445,18.685725361111118,74.74290144444447,7474.290144444446,23465.786777777776,30940.076922222226,-0.07430822646604948,35,0.5
0.35_0.75,2500.0,100.2,0.0,38.86666666666667,0.0,62.48454987017016,62.52385068387275,62.11622032019057,63.03379279962655,0.47424202057992976,0.983940505804735,1.835734953785692,1.0553121106306964,5.591134302806389,2.0076609003061443,1.9067951115751105,201.50756437741794,143.2979306475935,37.47662649035432,5.133333333333334,5.3999999999999995,-1025.976816950423,139.4988521171916,76.46505931756506,52.73015674092513,23.73490257663994,94.93961030655976,9493.961030655977,21092.062696370052,30586.023727026026,-0.06201471274395931,35,0.75
0.35_1.0,2500.0,147.20000000000002,0.0,85.66666666666667,0.0,71.42260807933431,71.47223149274743,71.15542325617213,71.26345997391321,0.5407085390096381,1.2778160521238122,1.836333147096464,1.4696198900438124,8.33853733356698,2.6722397327114833,2.936046130993779,199.25022985655627,117.08813792990058,42.337159651932794,7.266666666666667,6.466666666666666,-468.7257849930814,128.8473387451579,57.58387877124472,39.161833829987124,18.422044941257592,73.68817976503037,7368.817976503036,15664.733531994849,23033.551508497883,0.20022390595493447,35,1.0
0.35_1.25,2500.0,157.46666666666667,0.0,101.53333333333335,0.0,76.27136436316297,76.83557033318691,76.03474246854218,76.4984242357247,0.5767517825768413,1.3962997341018057,1.8500331284200975,2.8342332668249184,15.748963622565944,4.915745165339383,5.114522343050532,199.8379162028488,98.52639430148209,45.34221169423654,7.666666666666667,5.733333333333333,8.199172983912993,115.72919277891651,39.23076854319182,29.289994095790366,9.940774447401454,39.763097789605816,3976.3097789605818,11715.997638316147,15692.30741727673,0.4551282146778913,35,1.25
0.35_1.5,2500.0,148.46666666666667,0.0,92.8,0.0,73.10661506489011,73.87669768995274,73.50739319145084,73.32404110152036,0.5456967724690287,1.2947050105188354,1.7274026579573807,3.728384626035467,20.651547482774042,6.502131000284034,6.750106844734234,198.9882758664622,97.61062656184164,45.94717598646827,5.733333333333333,8.200000000000001,-453.09959327987764,101.98566209845626,28.66162099693588,22.045384965879112,6.616236031056768,26.46494412422707,2646.4944124227072,8818.153986351645,11464.64839877435,0.6019219305981127,35,1.5
0.35_1.75,2500.0,131.73333333333332,0.0,74.33333333333333,0.0,71.42853830193025,72.58616965422836,71.14162831016921,71.47780835981746,0.5368588226996707,1.2667290778392364,1.817831709323918,4.347686456298658,23.672945723294475,8.3107297065934,8.815300598073511,199.6087600686184,114.05728967162004,43.48123924210865,6.533333333333334,6.866666666666667,-566.5289294424847,94.88649524419418,23.408686884376745,17.90564625824012,5.503040626136619,22.012162504546477,2201.2162504546477,7162.258503296049,9363.474753750697,0.6748793488281009,35,1.75
0.35_2.0,2500.0,119.46666666666665,0.0,62.599999999999994,0.0,67.08794770331669,68.24984754933105,66.76781444396086,64.95194639554178,0.5133871050546263,1.226248078142896,1.8772051544622117,4.322605394685573,23.357460961185353,7.041085434532459,7.808047165613115,198.59074455409367,111.08097147428877,39.42781869962521,6.8,5.466666666666666,-799.1873641422668,83.06744756355647,18.115501168014674,13.903108145077914,4.21239302293676,16.84957209174704,1684.9572091747038,5561.243258031165,7246.200467205871,0.7483958171109073,35,2.0
0.35_2.25,2500.0,107.66666666666667,0.0,48.46666666666667,0.0,63.095020197779355,64.24997376156534,63.63449075794833,62.6162279828166,0.4725363880257303,1.04856305935024,1.723372560766799,4.167915886766958,24.51668295453446,6.945429628305022,8.271178458224362,200.89932294425918,131.73746283836994,40.16572070286957,4.733333333333333,6.0,-1082.4839179649744,78.04230627541706,15.426078292600458,11.76726939345331,3.65880889914715,14.6352355965886,1463.52355965886,4706.907757381324,6170.431317040184,0.7857489126027715,35,2.25
0.35_2.5,2500.0,94.06666666666668,0.0,36.6,0.0,58.54242197190683,60.62731127883391,59.1632135398452,56.16443129712396,0.44307536016481947,0.9504779156351012,1.6986276648152376,4.302346826695984,22.856013898517315,7.675741831328151,8.3467766843547,199.4086270367941,132.2571901712801,39.694908986926976,5.6000000000000005,5.599999999999999,-1296.9182447107885,68.89145542718404,12.7270241300601,9.42072979340318,3.3062943366569186,13.225177346627675,1322.5177346627677,3768.291917361272,5090.80965202404,0.8232357759713875,35,2.5
0.3_0.5,2500.0,69.0,0.0,9.266666666666666,0.0,46.40062085609649,46.49770003253362,46.55140869154559,46.718264122405365,0.34768818079178737,0.5292503796801016,1.825355859342572,0.7807125007524883,4.133058950194319,1.050311314866578,1.4304036055624874,200.49374349095186,183.45330319215,28.419327237199933,5.266666666666667,4.666666666666667,-1217.7235755256083,124.03543110220797,77.31716697980262,58.229011379476994,19.08815560032562,76.35262240130248,7635.26224013025,23291.604551790806,30926.866791921053,-0.07384954138614762,30,0.5
0.3_0.75,2500.0,122.26666666666667,0.0,59.333333333333336,0.0,68.49881449586401,68.51363825924147,67.86107192133385,69.94020786159786,0.5199412640709348,1.1598974550822607,1.8682895358803766,1.139641089265939,6.3934716738058315,2.1504333275974528,2.089736847881116,201.50756437741794,125.81009730212251,40.06648293325953,5.733333333333333,6.133333333333333,-679.7459631646562,145.54651381882616,75.60630595722829,51.32770032316995,24.27860563405835,97.1144225362334,9711.442253623341,20531.080129267975,30242.52238289132,-0.05008758273928185,30,0.75
0.3_1.0,2500.0,177.0666666666667,0.0,116.33333333333333,0.0,77.62875991506537,77.83655109765742,77.2734197419043,77.70810221462115,0.5876312858959308,1.4068569696586828,1.8619294277835197,2.2174586170220723,11.537748535872424,4.322951573784203,4.565310133941144,199.25022985655627,106.25336513260011,45.506289413467414,7.266666666666667,6.933333333333334,197.00516020421637,127.46528901156266,49.75718679694148,36.06571148893024,13.691475308011247,54.76590123204499,5476.5901232045,14426.284595572093,19902.874718776588,0.3089279611535905,30,1.0
0.3_1.25,2500.0,178.6,0.0,121.53333333333335,0.0,77.76091983762284,78.45557120939422,77.96663046212294,77.43652780756108,0.5878663580277207,1.4228458962148711,1.8085837123346444,3.4378877529574177,18.873666975160738,6.195780690604881,6.5677468342684735,199.8379162028488,93.64530591149395,47.218914594922374,7.466666666666666,6.0,92.66407928288648,111.3767749650432,33.940247157482126,26.179596840714463,7.760650316767662,31.042601267070648,3104.260126707064,10471.838736285785,13576.098862992852,0.5286076783683038,30,1.25
0.3_1.5,2500.0,158.79999999999998,0.0,101.73333333333335,0.0,77.64215827136518,78.5353050977614,77.73923964543063,77.53987446424998,0.579651392204949,1.3667030556777429,1.7793768717931542,4.2626731020049125,23.495030928972767,7.187000974709615,7.5999167240349115,198.9882758664622,95.45431306251739,47.73859328566363,6.466666666666666,8.4,-157.19022733720217,104.53555707340392,26.99568260915395,20.985397635060526,6.010284974093423,24.041139896373693,2404.1139896373693,8394.15905402421,10798.27304366158,0.6250599637617507,30,1.5
0.3_1.75,2500.0,141.73333333333335,0.0,82.8,0.0,73.58912431373308,74.96669295695763,73.20318646116259,73.76313191253723,0.5525968955915649,1.294084148577636,1.8089293420448491,4.822303147234272,25.487506755144295,9.270373219415456,9.742234454561244,199.6087600686184,110.28023620936214,44.76559232665968,6.6000000000000005,6.733333333333334,-445.49749067484464,95.10917720141576,21.346045288878543,16.665324649633792,4.680720639244746,18.722882556978984,1872.288255697899,6666.129859853517,8538.418115551416,0.7035271487655758,30,1.75
0.3_2.0,2500.0,127.26666666666665,0.0,68.13333333333334,0.0,68.18907856392853,69.78227819170552,68.29142198930161,67.84693800056651,0.5217906173711556,1.2698128412728773,1.893656121288042,4.814776765826668,26.099059682396756,8.068360610701108,8.859673001147513,198.59074455409367,107.14641514378968,40.00813368889448,7.133333333333333,6.0,-660.4861552409812,84.88887820995497,17.04194020938846,13.194934661290127,3.847005548098336,15.388022192393343,1538.8022192393344,5277.9738645160505,6816.776083755384,0.7633063859807158,30,2.0
0.3_2.25,2500.0,111.8,0.0,53.6,0.0,65.10244219489361,66.59809894329487,65.56686575660198,64.54877597356027,0.4874384699813159,1.0974552730201637,1.748498139139941,4.558253122480628,26.74289892368421,7.746574473567146,9.049457770434572,200.89932294425918,128.56620550312337,41.026314183406605,5.2,6.066666666666667,-992.2537121545266,78.8468862387963,14.298110265236035,11.038736024787232,3.259374240448805,13.03749696179522,1303.749696179522,4415.494409914893,5719.244106094415,0.801415135205055,30,2.25
0.3_2.5,2500.0,96.86666666666667,0.0,38.333333333333336,0.0,59.992094438973766,61.66190422089167,60.4662996490151,61.43087325765293,0.4538459854292222,0.991787231262066,1.7564011213333623,4.736840271812386,25.984903113846126,8.413652037075517,9.459928946863423,199.4086270367941,129.6307613198579,38.52470506570943,5.533333333333334,6.2,-1074.9521726573555,74.16249732232457,12.73162406467165,9.416636173329147,3.3149878913425006,13.259951565370002,1325.9951565370004,3766.654469331659,5092.649625868659,0.8231718879906715,30,2.5
0.45_0.5,2500.0,67.73333333333333,0.0,0.26666666666666666,0.0,20.858149504681347,20.53050046741318,20.47574928169978,20.764062500000005,0.1562723023589728,0.1575625431385503,0.6315391166488,0.31317548266420675,,0.7851025202464473,,200.49374349095186,189.7818361259667,33.64501993768379,4.8,5.0,-1358.101588650049,98.53641875,77.77235625,57.3285625,20.443793749999998,81.77517499999999,8177.5175,22931.425,31108.942499999997,-0.08017161458333327,45,0.5
0.45_0.75,2500.0,61.26666666666667,0.0,7.933333333333334,0.0,45.50578227716613,45.72360274399585,45.678128396258785,45.2752247610029,0.3453772635741661,0.5158005048668389,1.7024423801546458,0.8693606030280349,4.983768871566127,1.1979681026044817,1.7385290726700948,201.50756437741794,176.54137395971577,31.715963721979048,5.333333333333333,4.133333333333333,-1121.0605532844872,122.39941826884922,77.12419350784636,53.95973521825397,23.16445828959237,92.65783315836948,9265.783315836947,21583.894087301585,30849.677403138532,-0.0711693542756436,45,0.75
0.45_1.0,2500.0,92.0,0.0,29.399999999999995,0.0,58.86705249200302,58.584229961162514,57.2271871360451,58.548061070092444,0.44584841673892406,0.8722732715656609,1.871376251843236,1.2851448568223354,5.985271022792188,2.963675571298419,2.280160063810308,199.25022985655627,160.37268147436,33.68146763563754,6.666666666666667,5.933333333333334,-1123.0481370289347,134.02139723413225,75.47333616403982,47.57947234857733,27.8938638154625,111.57545526185,11157.545526184998,19031.78893943093,30189.334465615928,-0.04824078005610874,45,1.0
0.45_1.25,2500.0,106.0,0.0,51.199999999999996,0.0,66.04299206424052,66.13668788786951,65.53762604430602,66.79412956860232,0.4994576137531219,1.1630442616591432,1.8734700906161788,1.4797688324349032,8.325903793673705,2.5941199379939075,2.91947806646661,199.8379162028488,120.73118618850425,38.238307542356544,6.533333333333334,4.466666666666667,-670.0301165736738,125.31880300008486,58.52467343148254,37.327480727041475,21.197192704441076,84.7887708177643,8478.87708177643,14930.992290816588,23409.86937259302,0.1871573134516313,45,1.25
0.45_1.5,2500.0,114.86666666666667,0.0,61.20000000000001,0.0,67.51820207623717,68.00928633394345,67.72122612926451,68.9058509052669,0.5042363992470391,1.1705681878452907,1.7400435886576717,2.5980479142651194,14.330453006148844,4.347406356049257,4.837506591008759,198.9882758664622,110.58512138216851,42.23314680852363,5.2,6.933333333333334,-682.3108192156006,107.8712771280052,38.9654262227383,27.522774215462988,11.442652007275314,45.770608029101254,4577.060802910125,11009.109686185198,15586.170489095319,0.4588135246841903,45,1.5
0.45_1.75,2500.0,106.73333333333333,0.0,51.93333333333334,0.0,68.9359057003817,69.34659951012101,67.81313133157835,67.76641216296152,0.5178938335094466,1.1631944189299417,1.8831877654870153,3.2264043440296475,17.50879472739175,6.305345474656025,6.576996247910627,199.6087600686184,129.25307646645663,39.72234928749321,6.3999999999999995,6.2,-697.3057209100971,98.50851129211729,30.742099129155765,21.969949676288064,8.772149452867707,35.08859781147083,3508.8597811470827,8787.979870515223,12296.839651662309,0.5730264009839477,45,1.75
0.45_2.0,2500.0,104.2,0.0,45.333333333333336,0.0,61.59795511255469,62.76329703711468,61.841847453206434,62.94154509001709,0.47125072690136055,1.087427686097304,1.8334947421730672,3.4947373447353964,18.4997431417101,5.670486751965285,6.920760419514589,198.59074455409367,120.75605976859265,36.89830220784422,6.266666666666667,6.2,-915.4599876583592,86.43658368780329,23.495038597786195,17.094241149026228,6.400797448759967,25.603189795039867,2560.318979503987,6837.696459610491,9398.015439114479,0.6736800194751917,45,2.0
0.45_2.25,2500.0,93.26666666666667,0.0,35.53333333333333,0.0,59.43595131209398,60.41845783420024,59.30961265806189,59.09769732392139,0.4453815076046223,0.9406769340416054,1.7490818130372408,3.7256915828706205,23.34859466173469,5.982107875712969,7.156152367373374,200.89932294425918,144.48560873431973,37.11110025137038,4.933333333333334,5.599999999999999,-1095.911288861182,78.67584546203773,19.57814813811635,14.014509002138366,5.5636391359779855,22.254556543911942,2225.4556543911945,5605.803600855346,7831.25925524654,0.7280812758594951,45,2.25
0.45_2.5,2500.0,84.93333333333334,0.0,27.400000000000002,0.0,54.442902613198896,56.104629329867606,55.620406178223966,51.698006851056384,0.4121328001791497,0.8469978658259384,1.6909251765759066,3.7471462522551398,19.60810259536503,6.7635061683552715,7.502915573970694,199.4086270367941,142.2741219187313,37.191481122086934,5.0,5.2,-1313.3057497266939,66.94976760403746,15.25176075298108,10.815268432291136,4.4364923206899425,17.74596928275977,1774.5969282759772,4326.1073729164555,6100.704301192432,0.7881699895419295,45,2.5
0.4_0.5,2500.0,51.73333333333334,0.0,0.20000000000000004,0.0,28.7147979981152,28.807024589379246,28.434919604030473,28.99537499999999,0.2152087103476028,0.19303527847845806,0.8722693020802723,0.32789927867484087,,0.7765878901457706,,200.49374349095186,212.9074032872671,33.322870875887524,4.066666666666667,4.4,-1035.4244738609407,106.66874999999999,77.673375,59.078125,18.595249999999993,74.38099999999997,7438.099999999997,23631.25,31069.35,-0.07879687499999988,40,0.5
0.4_0.75,2500.0,76.13333333333334,0.0,20.666666666666668,0.0,55.481413103511294,55.44680676081314,55.05738520321287,56.44154256812994,0.4211601259288498,0.7972722715656863,1.8890169796699325,0.9530913267831348,4.871018993547401,2.025260475566918,1.7909980045565617,201.50756437741794,166.72172512193404,32.71154478445971,4.333333333333333,4.533333333333334,-1048.5023899514574,133.3486591735739,76.90711660544399,54.199576376457145,22.707540228986833,90.83016091594733,9083.016091594736,21679.83055058286,30762.846642177592,-0.06815439729783315,40,0.75
0.4_1.0,2500.0,114.13333333333333,0.0,51.4,0.0,65.12412003516063,64.95780545329713,64.1938412675158,65.38602744552189,0.49299532099343263,1.099994209892886,1.864677242790097,1.2812207939850753,6.826310212286084,2.3484122048490965,2.4320475916792623,199.25022985655627,137.00140637249243,37.7962172773183,6.466666666666666,6.0,-875.2250127747508,136.72402373088008,71.33799628535819,44.7998555087082,26.538140776649993,106.15256310659997,10615.256310659996,17919.94220348328,28535.198514143278,0.009194496036691853,40,1.0
0.4_1.25,2500.0,136.20000000000002,0.0,81.2,0.0,71.86913434498585,72.08582998891131,71.71359394268883,71.73515450242034,0.5434518457787143,1.315768030971845,1.842249240855528,2.194825525012094,12.441649933643788,3.7947323896213168,4.245662508823014,199.8379162028488,105.0498738607878,42.60536537954855,6.733333333333334,5.0,-365.024369858232,116.58866161804025,44.85350711561991,31.938533856884362,12.91497325873555,51.6598930349422,5165.989303494219,12775.413542753742,17941.402846247965,0.37703462339416793,40,1.25
0.4_1.5,2500.0,133.46666666666667,0.0,78.8,0.0,71.66208106903127,72.24459235564599,71.94897030922876,70.66073964119774,0.5351212233226471,1.2627142777230296,1.748904029057557,3.162003436385835,18.524182168241484,5.188279204659845,5.816881021283314,198.9882758664622,102.36318968606624,44.47717517307103,6.0,7.333333333333333,-614.4023798511575,102.9484866239539,32.287746982756154,24.096682530037118,8.191064452719042,32.76425781087617,3276.4257810876165,9638.673012014848,12915.098793102465,0.5515590696839422,40,1.5
0.4_1.75,2500.0,120.39999999999999,0.0,63.6,0.0,69.3993439308388,70.19513666318883,68.8176786814666,69.78135110344324,0.5212554319625542,1.2040045990005188,1.8181569266060198,3.8893437488039404,20.811456186482065,7.314730467200754,7.728466763907406,199.6087600686184,120.02268333824283,41.556099334334796,5.933333333333334,6.666666666666667,-623.1456049541888,96.36638365260474,26.585032549161483,19.710217713797725,6.874814835363755,27.49925934145502,2749.9259341455017,7884.087085519091,10634.013019664591,0.6307634368172017,40,1.75
0.4_2.0,2500.0,112.06666666666668,0.0,53.800000000000004,0.0,63.85956778561464,65.11574106033191,64.09187921644984,64.40791524106542,0.48858893408751514,1.154214530733695,1.8430186571469145,4.002193759008499,21.692521045278273,6.16577562913027,7.32515332359034,198.59074455409367,115.33164178833938,38.05100836598302,6.266666666666667,6.2,-834.9131841523209,85.08761179379803,20.679696552732604,15.42869519828344,5.251001354449167,21.00400541779667,2100.400541779667,6171.478079313376,8271.878621093043,0.7127819923231583,40,2.0
0.4_2.25,2500.0,100.80000000000001,0.0,40.93333333333334,0.0,62.32461855867711,63.86551548432351,62.141627558787924,62.82652104177163,0.4668421025702276,1.0076249954064391,1.7618994456815533,4.046866946090191,23.558995366228697,6.442427219945281,7.559224229722098,200.89932294425918,137.5409828650899,39.183692584881804,5.266666666666667,5.666666666666667,-1056.611368489602,80.65976431052566,17.833243268754032,13.173365080667926,4.659878188086108,18.639512752344434,1863.9512752344435,5269.346032267171,7133.297307501613,0.7523160657117497,40,2.25
0.4_2.5,2500.0,87.46666666666665,0.0,31.066666666666663,0.0,57.71717114825159,58.93273205512236,58.23552601498269,55.64519939263979,0.4370679692777902,0.9360546337296866,1.7931944107395867,3.971976016847567,21.827099829011036,6.859964987944031,7.916216436032495,199.4086270367941,138.2593153054711,36.649084732298725,5.266666666666667,5.266666666666667,-1175.4146462848407,70.08139319566921,14.43619380302942,10.383082175887532,4.053111627141888,16.212446508567552,1621.2446508567555,4153.232870355013,5774.477521211767,0.799497308291258,40,2.5
0.55_0.5,2500.0,61.06666666666666,0.0,0.0,0.0,2.757763721875563,,3.048106483286898,,0.0196355836244676,0.022704570603726007,,2.563382181587314,,1.0649010012829445,,200.49374349095186,218.9649166861101,,5.2,4.6000000000000005,-1221.3333333333333,,,,,,,,,,55,0.5
0.55_0.75,2500.0,53.86666666666667,0.0,0.3333333333333333,0.0,22.80575749053426,23.427744674148954,22.956404360630614,23.949729166666657,0.1730895189012128,0.16099910349776733,0.6025026153913827,0.23975297168083612,,0.6696303839450155,,201.50756437741794,216.35981814723218,42.91848135777004,3.8000000000000003,3.4666666666666663,-1084.3681275927893,101.725846875,77.77611770833335,55.39414583333333,22.381971875000005,89.52788750000002,8952.788750000003,22157.658333333333,31110.447083333336,-0.08022385706018526,55,0.75
0.55_1.0,2500.0,53.53333333333333,0.0,2.466666666666667,0.0,37.968754862934254,37.182649106250416,37.998165157199516,38.747241666666646,0.28761133440906694,0.3270538795374864,1.4874189297401308,0.8960604489200295,4.867314375174235,1.3954185724327715,1.051447221308444,199.25022985655627,186.04044897018738,28.43240143408232,4.533333333333334,4.066666666666666,-1050.4906199792729,115.93393250000001,77.18669083333334,49.51815694444445,27.66853388888889,110.67413555555557,11067.413555555557,19807.262777777778,30874.676333333333,-0.07203737268518524,55,1.0
0.55_1.25,2500.0,67.33333333333333,0.0,7.266666666666667,0.0,46.440380963332295,46.400896865568676,46.291566848405076,45.8553292989418,0.35117611845550467,0.47477907607018627,1.750386377064278,1.0960505907594407,5.408925964694913,1.9575814313105362,1.7467512650406836,199.8379162028488,188.26821953224712,31.256457819299424,5.933333333333334,4.066666666666666,-1249.285117043033,122.09885084821424,76.24352154927247,43.73999720238095,32.50352434689151,130.01409738756604,13001.409738756605,17495.998880952382,30497.40861970899,-0.05893779929545087,55,1.25
0.55_1.5,2500.0,66.06666666666668,0.0,14.4,0.0,53.82770248828217,53.71010611885013,52.77133527876348,56.60902644966145,0.40188754064693705,0.6822124013559515,1.7533798388548256,1.2407295345989506,6.3339043942065985,2.365924137535421,2.527793227279366,198.9882758664622,159.50464231480507,34.663882330691465,4.066666666666667,5.733333333333333,-1016.5353473397681,127.22008464469353,70.61105819503207,39.318479508481715,31.29257868655036,125.17031474620144,12517.031474620142,15727.391803392688,28244.423278012833,0.01929085840233227,55,1.5
0.55_1.75,2500.0,72.99999999999999,0.0,23.133333333333336,0.0,54.927450189756335,55.05991646482665,54.80129057284436,54.69057342231914,0.41288539123733387,0.818738564758441,1.6879767571784026,1.6788443881476753,9.968389559779332,2.9339732797001585,3.113587695081837,199.6087600686184,146.87037547796322,35.21595902841879,4.333333333333333,5.466666666666666,-1044.3545945094622,98.94343645615282,44.252863033833684,26.831314169258594,17.42154886457509,69.68619545830036,6968.619545830039,10732.525667703438,17701.145213533473,0.3853769023078655,55,1.75
0.55_2.0,2500.0,82.33333333333333,0.0,24.866666666666664,0.0,56.70158415756379,56.955061855492694,55.61739048892957,57.304554473315996,0.43397921435720854,0.8435146708476046,1.812595228017636,2.2607867830058055,12.65844933961101,3.790657638374244,5.092192875888723,198.59074455409367,143.27840581047087,34.7655260952952,5.866666666666667,5.066666666666667,-1096.0056025748552,91.73756222644168,34.43300775312567,22.13392656324392,12.299081189881756,49.19632475952702,4919.632475952702,8853.570625297567,13773.20310125027,0.5217637812065878,55,2.0
0.55_2.25,2500.0,77.53333333333333,0.0,20.333333333333332,0.0,55.946646985281376,56.411940765002036,54.69006064700458,54.49210746054836,0.4191163641386926,0.7527916700602072,1.7398741323197982,2.706604898396634,15.35492148022288,4.4673953965301685,5.435049696385797,200.89932294425918,166.3566505917588,35.05195009095005,4.866666666666667,5.266666666666667,-1169.50483007781,82.28201790213568,27.789910441587313,17.897995365851564,9.891915075735755,39.56766030294302,3956.766030294302,7159.198146340624,11115.964176634925,0.6140290216446206,55,2.25
0.55_2.5,2500.0,70.60000000000001,0.0,15.133333333333333,0.0,49.15766995361154,50.10422239786368,50.48674106520311,51.754301786705504,0.37225955749761547,0.6663535760662189,1.7030033643988745,2.92708246496631,15.229453396093865,5.317795404972583,6.4849106632990585,199.4086270367941,162.70966109938306,33.76738016383879,4.8,5.0,-1152.565469952305,75.45593971978678,23.70163793308127,14.882088177016053,8.81954975606522,35.27819902426088,3527.819902426087,5952.835270806422,9480.655173232508,0.67081058426276,55,2.5
0.5_0.5,2500.0,58.93333333333334,0.0,0.13333333333333333,0.0,10.775888533997788,10.758226875102787,10.8149162354575,9.339999999999996,0.0805252533805665,0.08271792887421164,0.4185915764489847,0.6331556189285575,,0.4741683512479901,,200.49374349095186,197.09797125173043,25.923984930740414,3.9333333333333336,4.533333333333334,-1180.877864657432,87.80962500000001,78.46962500000001,58.559625,19.910000000000007,79.64000000000003,7964.000000000004,23423.85,31387.850000000002,-0.08985590277777786,50,0.5
0.5_0.75,2500.0,67.0,0.0,2.1333333333333333,0.0,34.74170701702577,34.903429000558326,35.011126304718495,34.245524305555556,0.2636926342358516,0.287201021350928,1.503615370363266,0.6727387287378056,3.4203905796013117,1.2562526667785858,0.6508134789154248,201.50756437741794,209.35017980614919,27.962115706579624,5.866666666666667,3.8666666666666667,-1331.1124687068511,111.46619479166668,77.22067048611112,53.938574305555555,23.282096180555556,93.12838472222222,9312.838472222224,21575.429722222223,30888.26819444445,-0.07250931230709882,50,0.75
0.5_1.0,2500.0,71.06666666666668,0.0,13.199999999999998,0.0,49.33479152839487,48.95192596269403,48.560489484051224,49.6093026356133,0.3734852452738468,0.6050108774458375,1.7433507062038416,1.0104064772368329,5.378638295799476,1.995027039333073,1.8935101288260239,199.25022985655627,173.71015809772064,30.635767970818886,5.6000000000000005,5.0,-1185.7102726073201,125.83130050697282,76.22199787135952,48.7420654991025,27.47993237225701,109.91972948902804,10991.972948902803,19496.826199641004,30488.799148543807,-0.058638859324437714,50,1.0
0.5_1.25,2500.0,75.93333333333334,0.0,24.133333333333336,0.0,56.49239232927423,56.598883696767096,56.097184273767596,58.64547891945094,0.42719228406019466,0.8660763079554664,1.8394646428027357,1.1655478936744994,6.702852049605802,1.9952355841734208,2.4114843713667886,199.8379162028488,143.42407881106394,33.78174251550444,5.066666666666666,4.866666666666666,-935.4100143670985,130.26523070393011,71.61975178447916,42.31115601716047,29.308595767318696,117.23438306927478,11723.438306927477,16924.46240686419,28647.900713791667,0.005281225215567145,50,1.25
0.5_1.5,2500.0,95.33333333333333,0.0,42.4,0.0,61.23027303772369,61.313296280030556,61.62760367589302,60.80052763691649,0.4570219361719258,1.0047375751690721,1.6643408905952615,1.8897111630648433,10.925429399821416,3.50005502157637,4.270584681426189,198.9882758664622,123.35601871252932,39.565237688433285,4.8,6.0,-1015.5641068863974,105.53211382439254,44.73158618747605,29.55733176960474,15.174254417871301,60.697017671485206,6069.70176714852,11822.932707841896,17892.634474990416,0.3787279696183883,50,1.5
0.5_1.75,2500.0,93.59999999999998,0.0,40.4,0.0,63.00625676380517,63.199202723807275,62.40341242724855,61.757161112785354,0.47352165589333284,1.0238190440192458,1.8073936982494299,2.4633867425795333,14.445905046733088,3.9671166641161864,4.626210997215335,199.6087600686184,140.4012708057333,37.47142946926684,5.266666666666667,5.6000000000000005,-906.7157289571996,96.03734485410398,34.280183741318616,23.53420667029567,10.745977071022944,42.983908284091775,4298.390828409178,9413.682668118268,13712.073496527446,0.5238863369261303,50,1.75
0.5_2.0,2500.0,95.13333333333333,0.0,37.86666666666667,0.0,58.83849026266919,59.820175370914406,58.71149562729487,58.66411356125723,0.45028202549810886,0.9916289408468838,1.8137922184983886,3.0810502826872566,16.271990129167964,4.79984322366867,6.016842010916761,198.59074455409367,128.5799050378143,35.73091586472537,6.133333333333333,5.466666666666666,-1071.0988580050205,85.0917147049372,26.42760114367997,18.49854382519808,7.929057318481889,31.716229273927556,3171.622927392756,7399.417530079233,10571.040457471989,0.632949984115556,50,2.0
0.5_2.25,2500.0,84.33333333333333,0.0,27.46666666666667,0.0,59.20658901443978,59.80551810960987,58.22391222922107,59.21429075643826,0.4435344970053156,0.8669811888155444,1.7928666401497437,3.244518874077236,19.396658135375393,5.379739704752752,6.41153972116355,200.89932294425918,155.62435767792658,35.81034720042214,5.133333333333334,5.333333333333333,-1062.4065244981205,83.0018841193097,23.78759336287143,16.253114105672168,7.534479257199261,30.137917028797045,3013.791702879704,6501.245642268867,9515.037345148572,0.669616758849008,50,2.25
0.5_2.5,2500.0,77.66666666666667,0.0,22.333333333333332,0.0,51.79684196546407,53.53701802234048,53.282139986134915,50.69369509067715,0.3922741417714854,0.7816741659445663,1.6911571890566248,3.325874610952212,19.189404931455712,5.509441059081205,7.270906251812529,199.4086270367941,151.13856243501468,35.5296443596545,4.933333333333334,5.066666666666666,-1229.7715235573949,68.59282840940315,17.899133318725998,12.184574224005933,5.714559094720069,22.858236378880274,2285.823637888027,4873.829689602372,7159.6533274903995,0.7514009261288056,50,2.5
